log_id,customer_id,record_date,age,gender,height_cm,weight_kg,activity_level,bmi_value,bmi_category,meal_suggestion_viewed,converted_to_order
1,,2026-06-07,37,Male,184.92,74.21,Moderately Active,21.7,Normal,N,N
2,352.0,2026-03-12,23,Male,177.91,84.45,Lightly Active,26.68,Overweight,Y,Y
3,,2026-01-15,50,Female,155.17,54.28,Lightly Active,22.54,Normal,N,N
4,,2026-05-09,39,Female,157.01,55.34,Moderately Active,22.45,Normal,Y,Y
5,111.0,2026-06-22,20,Female,166.35,68.33,Lightly Active,24.69,Normal,Y,Y
6,149.0,2026-01-07,39,Male,165.14,41.78,Moderately Active,15.32,Underweight,Y,N
7,240.0,2026-02-23,45,Female,153.96,71.7,Lightly Active,30.25,Obese,N,N
8,432.0,2026-03-23,33,Male,163.55,70.25,Sedentary,26.26,Overweight,N,N
9,268.0,2026-01-25,24,Male,178.62,69.57,Very Active,21.81,Normal,N,N
10,308.0,2026-06-29,21,Male,172.87,70.87,Moderately Active,23.72,Normal,N,N
11,,2026-05-17,22,Male,164.77,80.21,Lightly Active,29.54,Overweight,N,N
12,,2026-06-06,50,Male,174.71,62.99,Moderately Active,20.64,Normal,Y,Y
13,,2026-06-02,38,Male,171.12,66.71,Lightly Active,22.78,Normal,Y,N
14,290.0,2026-04-02,33,Male,182.74,85.98,Very Active,25.75,Overweight,N,N
15,46.0,2026-06-20,50,Female,157.12,59.32,Lightly Active,24.03,Normal,Y,N
16,,2026-06-27,47,Male,172.35,68.71,Lightly Active,23.13,Normal,Y,Y
17,241.0,2026-01-11,18,Female,162.41,49.89,Very Active,18.91,Normal,N,N
18,8.0,2026-03-09,44,Male,155.94,49.01,Lightly Active,20.15,Normal,Y,N
19,,2026-06-19,49,Male,169.0,60.32,Extra Active,21.12,Normal,Y,N
20,465.0,2026-03-17,39,Male,181.48,66.5,Moderately Active,20.19,Normal,Y,N
21,193.0,2026-05-21,48,Female,150.01,59.64,Very Active,26.5,Overweight,Y,Y
22,,2026-01-17,27,Male,169.59,62.78,Very Active,21.83,Normal,N,N
23,,2026-06-24,48,Female,157.52,54.9,Lightly Active,22.13,Normal,Y,N
24,,2026-04-25,35,Female,155.28,61.55,Lightly Active,25.53,Overweight,Y,Y
25,495.0,2026-05-30,29,Female,175.27,62.41,Lightly Active,20.32,Normal,Y,Y
26,350.0,2026-05-04,24,Female,154.58,56.44,Moderately Active,23.62,Normal,Y,Y
27,,2026-02-16,48,Male,158.12,80.38,Sedentary,32.15,Obese,Y,Y
28,338.0,2026-02-16,47,Male,161.87,78.18,Moderately Active,29.84,Overweight,N,N
29,349.0,2026-03-30,35,Female,159.21,63.68,Very Active,25.12,Overweight,Y,N
30,,2026-04-19,29,Female,151.35,40.0,Moderately Active,17.46,Underweight,N,N
31,,2026-06-08,45,Male,162.89,64.59,Very Active,24.34,Normal,N,N
32,265.0,2026-05-31,47,Female,149.16,65.75,Extra Active,29.55,Overweight,N,N
33,92.0,2026-03-26,48,Male,167.75,79.16,Lightly Active,28.13,Overweight,N,N
34,410.0,2026-04-26,34,Female,155.54,49.66,Very Active,20.53,Normal,Y,N
35,,2026-03-13,33,Male,161.35,67.93,Sedentary,26.09,Overweight,Y,Y
36,,2026-05-29,26,Female,165.88,42.15,Extra Active,15.32,Underweight,Y,N
37,,2026-01-01,44,Male,171.38,70.18,Moderately Active,23.89,Normal,Y,Y
38,,2026-02-16,45,Male,177.24,61.34,Moderately Active,19.53,Normal,N,N
39,423.0,2026-06-28,22,Male,178.92,56.13,Moderately Active,17.53,Underweight,Y,N
40,351.0,2026-05-13,33,Female,148.42,55.0,Moderately Active,24.97,Normal,Y,N
41,377.0,2026-05-16,35,Male,179.39,85.06,Lightly Active,26.43,Overweight,N,N
42,233.0,2026-04-19,33,Female,161.22,52.01,Moderately Active,20.01,Normal,Y,Y
43,,2026-01-31,44,Male,174.32,71.42,Very Active,23.5,Normal,N,N
44,10.0,2026-04-15,41,Female,157.65,52.68,Moderately Active,21.2,Normal,Y,Y
45,326.0,2026-06-29,26,Male,178.49,81.17,Very Active,25.48,Overweight,N,N
46,,2026-04-30,21,Male,176.11,90.27,Sedentary,29.11,Overweight,Y,N
47,347.0,2026-05-13,34,Female,159.46,69.93,Sedentary,27.5,Overweight,N,N
48,432.0,2026-01-27,32,Male,160.19,82.9,Lightly Active,32.31,Obese,Y,N
49,202.0,2026-04-26,26,Female,167.32,55.16,Moderately Active,19.7,Normal,N,N
50,253.0,2026-01-14,33,Male,172.55,89.58,Lightly Active,30.09,Obese,N,N
51,395.0,2026-06-16,29,Female,152.01,42.09,Moderately Active,18.22,Underweight,Y,Y
52,,2026-05-18,22,Male,160.93,71.6,Moderately Active,27.65,Overweight,Y,N
53,,2026-03-18,36,Female,158.9,53.58,Moderately Active,21.22,Normal,Y,Y
54,,2026-02-18,44,Male,172.53,88.66,Very Active,29.79,Overweight,N,N
55,,2026-02-03,24,Male,163.53,75.82,Moderately Active,28.35,Overweight,Y,Y
56,451.0,2026-05-06,18,Female,152.19,64.45,Moderately Active,27.83,Overweight,N,N
57,447.0,2026-05-19,49,Female,145.0,82.61,Very Active,39.29,Obese,Y,Y
58,260.0,2026-04-17,43,Male,150.66,70.92,Sedentary,31.24,Obese,Y,N
59,,2026-03-30,37,Male,167.77,106.04,Moderately Active,37.67,Obese,Y,N
60,465.0,2026-04-13,50,Male,175.53,88.26,Lightly Active,28.65,Overweight,Y,Y
61,309.0,2026-03-17,38,Male,172.04,76.51,Sedentary,25.85,Overweight,N,N
62,,2026-06-10,28,Male,160.92,75.27,Very Active,29.07,Overweight,N,N
63,,2026-03-28,29,Female,160.17,80.72,Sedentary,31.46,Obese,N,N
64,,2026-04-21,42,Male,171.52,72.75,Moderately Active,24.73,Normal,Y,Y
65,,2026-06-07,38,Male,166.54,69.46,Lightly Active,25.04,Overweight,Y,N
66,50.0,2026-02-14,37,Male,176.61,74.63,Moderately Active,23.93,Normal,Y,N
67,,2026-04-25,36,Female,151.78,40.36,Very Active,17.52,Underweight,N,N
68,321.0,2026-03-04,20,Male,168.42,91.79,Sedentary,32.36,Obese,Y,Y
69,360.0,2026-06-07,28,Female,159.86,46.74,Moderately Active,18.29,Underweight,Y,Y
70,,2026-01-24,47,Female,157.52,51.45,Very Active,20.74,Normal,Y,N
71,,2026-02-23,28,Female,164.0,67.37,Moderately Active,25.05,Overweight,Y,Y
72,,2026-04-21,31,Male,178.47,70.41,Extra Active,22.11,Normal,Y,Y
73,336.0,2026-02-02,36,Male,166.43,59.69,Very Active,21.55,Normal,Y,N
74,,2026-05-20,48,Male,173.15,74.68,Lightly Active,24.91,Normal,Y,N
75,355.0,2026-02-17,39,Female,147.94,45.39,Moderately Active,20.74,Normal,N,N
76,112.0,2026-01-08,42,Male,180.61,68.68,Moderately Active,21.05,Normal,Y,N
77,365.0,2026-05-04,50,Male,164.08,83.61,Moderately Active,31.06,Obese,Y,Y
78,146.0,2026-04-23,35,Female,147.8,54.33,Extra Active,24.87,Normal,Y,N
79,,2026-04-15,18,Female,152.64,61.47,Lightly Active,26.38,Overweight,Y,Y
80,96.0,2026-03-10,32,Female,168.86,64.79,Moderately Active,22.72,Normal,N,N
81,152.0,2026-05-03,41,Male,185.7,71.01,Lightly Active,20.59,Normal,Y,Y
82,,2026-02-19,29,Male,186.22,53.6,Extra Active,15.46,Underweight,N,N
83,254.0,2026-05-08,46,Male,176.65,71.96,Moderately Active,23.06,Normal,N,N
84,,2026-03-07,21,Female,145.0,65.92,Lightly Active,31.35,Obese,Y,N
85,129.0,2026-06-30,40,Male,150.89,96.3,Moderately Active,42.3,Obese,Y,Y
86,78.0,2026-04-29,26,Male,176.12,71.32,Lightly Active,22.99,Normal,Y,Y
87,,2026-02-13,26,Female,163.6,91.22,Moderately Active,34.08,Obese,Y,N
88,,2026-01-06,46,Male,166.51,79.77,Lightly Active,28.77,Overweight,N,N
89,443.0,2026-01-11,34,Male,171.8,53.6,Very Active,18.16,Underweight,N,N
90,,2026-03-29,39,Male,170.78,66.37,Lightly Active,22.76,Normal,N,N
91,,2026-05-29,32,Male,174.43,75.28,Very Active,24.74,Normal,Y,N
92,,2026-06-16,47,Male,166.88,90.95,Sedentary,32.66,Obese,Y,N
93,336.0,2026-05-03,44,Female,153.9,76.47,Extra Active,32.29,Obese,N,N
94,379.0,2026-04-03,22,Female,160.14,69.54,Very Active,27.12,Overweight,Y,N
95,498.0,2026-04-13,36,Male,167.62,56.09,Very Active,19.96,Normal,Y,N
96,269.0,2026-03-29,43,Female,154.7,44.62,Lightly Active,18.64,Normal,Y,Y
97,426.0,2026-05-12,35,Female,158.65,54.78,Moderately Active,21.76,Normal,Y,Y
98,,2026-05-08,45,Male,165.5,47.62,Moderately Active,17.39,Underweight,Y,Y
99,112.0,2026-06-09,29,Female,151.08,76.08,Very Active,33.33,Obese,Y,Y
100,,2026-03-14,28,Female,167.74,54.78,Moderately Active,19.47,Normal,Y,Y
101,450.0,2026-06-26,47,Female,159.32,40.0,Moderately Active,15.76,Underweight,Y,Y
102,326.0,2026-02-11,45,Female,145.86,75.44,Lightly Active,35.46,Obese,Y,Y
103,,2026-05-30,38,Male,166.54,102.6,Very Active,36.99,Obese,Y,Y
104,,2026-02-10,35,Female,158.93,46.63,Moderately Active,18.46,Underweight,Y,Y
105,448.0,2026-01-07,44,Male,171.83,78.86,Moderately Active,26.71,Overweight,Y,Y
106,213.0,2026-01-16,31,Male,174.45,58.07,Sedentary,19.08,Normal,N,N
107,,2026-02-27,21,Male,170.01,66.32,Very Active,22.95,Normal,Y,N
108,210.0,2026-01-08,50,Male,170.1,89.68,Moderately Active,30.99,Obese,Y,N
109,65.0,2026-05-08,50,Male,180.68,85.05,Sedentary,26.05,Overweight,Y,N
110,,2026-05-20,27,Male,170.71,82.99,Lightly Active,28.48,Overweight,Y,N
111,418.0,2026-03-24,21,Female,152.89,60.95,Very Active,26.07,Overweight,Y,N
112,142.0,2026-01-10,22,Female,157.92,69.49,Moderately Active,27.86,Overweight,Y,Y
113,301.0,2026-04-04,25,Male,174.89,75.02,Very Active,24.53,Normal,Y,N
114,386.0,2026-02-20,35,Male,168.27,63.1,Lightly Active,22.29,Normal,Y,N
115,475.0,2026-06-12,26,Male,170.71,56.86,Moderately Active,19.51,Normal,Y,Y
116,295.0,2026-04-28,50,Male,161.77,70.0,Sedentary,26.75,Overweight,N,N
117,115.0,2026-04-04,42,Male,164.09,54.65,Moderately Active,20.3,Normal,Y,Y
118,,2026-04-29,41,Male,174.15,72.38,Moderately Active,23.87,Normal,Y,Y
119,134.0,2026-04-01,36,Male,167.83,77.82,Extra Active,27.63,Overweight,Y,Y
120,314.0,2026-06-06,39,Male,164.41,63.91,Moderately Active,23.64,Normal,Y,N
121,,2026-03-29,19,Female,145.0,79.54,Lightly Active,37.83,Obese,Y,N
122,,2026-02-04,42,Female,147.23,45.35,Moderately Active,20.92,Normal,Y,Y
123,,2026-01-30,46,Female,151.32,54.02,Lightly Active,23.59,Normal,N,N
124,331.0,2026-01-20,36,Male,167.34,64.59,Moderately Active,23.07,Normal,N,N
125,,2026-06-26,28,Female,157.32,58.33,Lightly Active,23.57,Normal,Y,N
126,,2026-02-06,41,Male,165.17,70.83,Very Active,25.96,Overweight,Y,N
127,461.0,2026-06-21,47,Female,155.26,52.99,Very Active,21.98,Normal,Y,N
128,,2026-02-11,50,Male,160.92,66.46,Very Active,25.66,Overweight,N,N
129,235.0,2026-01-25,38,Male,176.85,84.12,Very Active,26.9,Overweight,Y,N
130,,2026-01-24,29,Female,156.7,60.02,Lightly Active,24.44,Normal,Y,Y
131,,2026-03-17,49,Male,164.01,49.51,Moderately Active,18.41,Underweight,Y,Y
132,407.0,2026-02-22,21,Male,155.13,74.03,Sedentary,30.76,Obese,N,N
133,,2026-05-02,26,Male,176.4,92.87,Moderately Active,29.85,Overweight,N,N
134,,2026-04-29,34,Male,173.03,76.0,Lightly Active,25.38,Overweight,N,N
135,280.0,2026-03-18,27,Male,164.51,67.66,Extra Active,25.0,Overweight,Y,Y
136,98.0,2026-06-24,41,Male,183.82,73.52,Very Active,21.76,Normal,Y,N
137,314.0,2026-02-13,23,Male,164.54,68.7,Moderately Active,25.38,Overweight,N,N
138,207.0,2026-01-03,36,Female,156.49,51.28,Moderately Active,20.94,Normal,N,N
139,303.0,2026-04-22,30,Male,173.11,53.92,Lightly Active,17.99,Underweight,Y,N
140,,2026-05-28,19,Female,164.42,62.98,Lightly Active,23.3,Normal,N,N
141,99.0,2026-05-22,23,Female,166.18,51.56,Very Active,18.67,Normal,Y,N
142,61.0,2026-04-01,28,Male,159.79,78.12,Moderately Active,30.6,Obese,N,N
143,421.0,2026-01-07,21,Male,175.79,63.91,Lightly Active,20.68,Normal,N,N
144,,2026-01-23,34,Female,157.46,75.76,Sedentary,30.56,Obese,Y,Y
145,,2026-02-09,33,Male,161.98,69.25,Lightly Active,26.39,Overweight,Y,Y
146,296.0,2026-05-22,23,Male,168.26,77.93,Very Active,27.53,Overweight,N,N
147,460.0,2026-02-22,25,Female,157.95,52.0,Very Active,20.84,Normal,N,N
148,,2026-03-09,32,Male,170.36,63.62,Very Active,21.92,Normal,Y,N
149,,2026-01-18,48,Male,177.31,71.58,Lightly Active,22.77,Normal,N,N
150,,2026-06-27,45,Female,169.01,59.17,Lightly Active,20.71,Normal,N,N
151,218.0,2026-01-23,44,Female,169.01,55.26,Lightly Active,19.35,Normal,Y,Y
152,74.0,2026-01-30,26,Male,178.32,69.83,Very Active,21.96,Normal,Y,Y
153,465.0,2026-06-08,28,Male,173.7,64.55,Sedentary,21.39,Normal,Y,Y
154,,2026-05-09,31,Male,175.67,83.23,Sedentary,26.97,Overweight,Y,N
155,446.0,2026-03-16,23,Male,170.92,78.93,Moderately Active,27.02,Overweight,Y,Y
156,110.0,2026-02-11,20,Male,174.71,71.85,Moderately Active,23.54,Normal,Y,Y
157,,2026-05-23,21,Male,171.95,57.91,Moderately Active,19.59,Normal,Y,N
158,158.0,2026-05-29,22,Female,160.79,61.86,Lightly Active,23.93,Normal,Y,N
159,493.0,2026-02-10,41,Male,169.06,83.34,Lightly Active,29.16,Overweight,Y,Y
160,,2026-06-23,24,Female,145.0,68.14,Moderately Active,32.41,Obese,Y,N
161,87.0,2026-02-09,50,Female,175.47,49.56,Sedentary,16.1,Underweight,Y,N
162,24.0,2026-04-11,38,Female,161.83,50.67,Extra Active,19.35,Normal,Y,N
163,,2026-01-25,31,Female,174.44,59.66,Moderately Active,19.61,Normal,Y,N
164,220.0,2026-06-10,45,Male,182.23,65.14,Lightly Active,19.62,Normal,N,N
165,458.0,2026-06-28,37,Male,176.21,76.75,Extra Active,24.72,Normal,N,N
166,,2026-01-03,23,Female,162.94,62.16,Very Active,23.41,Normal,N,N
167,209.0,2026-06-08,23,Female,145.0,48.98,Sedentary,23.3,Normal,N,N
168,78.0,2026-03-16,48,Male,166.99,64.51,Sedentary,23.13,Normal,Y,N
169,,2026-01-29,19,Female,156.75,59.66,Lightly Active,24.28,Normal,Y,Y
170,296.0,2026-01-06,28,Male,175.07,68.31,Very Active,22.29,Normal,N,N
171,,2026-03-09,35,Male,160.56,99.97,Moderately Active,38.78,Obese,N,N
172,276.0,2026-01-20,49,Male,181.4,80.29,Lightly Active,24.4,Normal,Y,N
173,338.0,2026-03-30,43,Male,165.57,68.47,Sedentary,24.98,Normal,Y,N
174,,2026-03-30,47,Male,170.95,86.19,Very Active,29.49,Overweight,Y,Y
175,166.0,2026-02-08,47,Male,159.59,68.22,Lightly Active,26.79,Overweight,N,N
176,,2026-01-31,31,Male,175.47,73.54,Lightly Active,23.88,Normal,Y,N
177,,2026-06-14,49,Male,173.49,66.3,Moderately Active,22.03,Normal,Y,Y
178,147.0,2026-03-22,21,Male,172.12,74.78,Very Active,25.24,Overweight,Y,Y
179,,2026-01-08,46,Male,166.87,97.32,Extra Active,34.95,Obese,N,N
180,,2026-02-22,42,Female,168.0,56.03,Sedentary,19.85,Normal,N,N
181,45.0,2026-01-06,47,Female,159.25,60.56,Sedentary,23.88,Normal,Y,Y
182,467.0,2026-04-14,35,Male,166.53,72.36,Very Active,26.09,Overweight,N,N
183,,2026-04-12,43,Female,150.79,50.72,Moderately Active,22.31,Normal,Y,Y
184,47.0,2026-03-05,26,Male,171.96,73.5,Lightly Active,24.86,Normal,N,N
185,115.0,2026-05-07,19,Male,162.28,64.32,Sedentary,24.42,Normal,N,N
186,,2026-01-07,18,Male,175.37,78.0,Moderately Active,25.36,Overweight,Y,Y
187,,2026-03-12,22,Male,164.25,80.48,Moderately Active,29.83,Overweight,Y,N
188,421.0,2026-03-05,30,Female,159.24,67.46,Lightly Active,26.6,Overweight,N,N
189,362.0,2026-04-14,19,Male,174.22,68.15,Lightly Active,22.45,Normal,N,N
190,269.0,2026-03-17,49,Female,154.82,53.05,Lightly Active,22.13,Normal,Y,Y
191,,2026-06-09,30,Female,153.21,41.02,Very Active,17.48,Underweight,Y,Y
192,323.0,2026-03-27,47,Female,156.87,55.93,Moderately Active,22.73,Normal,Y,Y
193,346.0,2026-02-17,49,Male,158.47,66.02,Sedentary,26.29,Overweight,N,N
194,,2026-05-19,38,Male,174.11,70.0,Very Active,23.09,Normal,Y,Y
195,389.0,2026-05-21,41,Male,178.7,69.02,Extra Active,21.61,Normal,Y,N
196,,2026-03-22,40,Female,165.7,68.42,Extra Active,24.92,Normal,Y,N
197,230.0,2026-05-28,25,Male,164.96,78.53,Extra Active,28.86,Overweight,Y,Y
198,,2026-03-21,31,Female,153.2,51.72,Moderately Active,22.04,Normal,Y,Y
199,240.0,2026-04-20,33,Female,151.8,48.21,Moderately Active,20.92,Normal,Y,Y
200,368.0,2026-05-21,31,Male,165.39,70.65,Moderately Active,25.83,Overweight,N,N
201,316.0,2026-02-07,30,Male,183.88,77.63,Extra Active,22.96,Normal,N,N
202,195.0,2026-03-08,20,Male,184.52,63.17,Moderately Active,18.55,Normal,Y,N
203,450.0,2026-04-04,46,Male,170.29,79.01,Moderately Active,27.25,Overweight,Y,Y
204,286.0,2026-05-13,35,Male,163.07,76.24,Moderately Active,28.67,Overweight,Y,N
205,152.0,2026-01-26,35,Female,156.27,63.99,Lightly Active,26.2,Overweight,Y,Y
206,238.0,2026-02-03,23,Female,163.57,46.7,Sedentary,17.45,Underweight,Y,N
207,281.0,2026-03-27,47,Female,156.48,51.26,Lightly Active,20.93,Normal,Y,N
208,379.0,2026-05-04,46,Male,155.92,67.41,Lightly Active,27.73,Overweight,N,N
209,132.0,2026-05-12,40,Female,160.06,40.0,Lightly Active,15.61,Underweight,N,N
210,437.0,2026-03-10,25,Male,165.09,83.6,Lightly Active,30.67,Obese,Y,N
211,107.0,2026-02-15,46,Male,157.46,85.87,Moderately Active,34.63,Obese,Y,Y
212,,2026-06-29,31,Female,165.77,65.9,Lightly Active,23.98,Normal,Y,Y
213,474.0,2026-05-18,44,Female,167.49,62.12,Lightly Active,22.14,Normal,Y,Y
214,238.0,2026-01-08,42,Male,177.15,80.76,Very Active,25.73,Overweight,N,N
215,,2026-01-23,22,Female,163.31,48.26,Moderately Active,18.1,Underweight,N,N
216,95.0,2026-03-27,19,Male,169.98,72.13,Lightly Active,24.96,Normal,Y,N
217,,2026-04-08,35,Male,161.94,70.54,Extra Active,26.9,Overweight,Y,Y
218,,2026-04-12,29,Female,157.0,81.26,Moderately Active,32.97,Obese,N,N
219,467.0,2026-03-07,50,Female,154.21,59.51,Very Active,25.02,Overweight,Y,N
220,,2026-05-08,32,Female,160.81,57.84,Moderately Active,22.37,Normal,Y,Y
221,,2026-02-20,19,Female,156.18,70.19,Lightly Active,28.78,Overweight,Y,N
222,,2026-06-11,35,Male,168.16,80.12,Moderately Active,28.33,Overweight,Y,N
223,388.0,2026-05-26,39,Female,153.89,58.4,Lightly Active,24.66,Normal,Y,Y
224,448.0,2026-01-08,45,Female,165.07,71.65,Sedentary,26.3,Overweight,Y,N
225,,2026-01-24,23,Male,174.64,82.6,Moderately Active,27.08,Overweight,Y,Y
226,404.0,2026-02-08,26,Male,178.91,79.43,Moderately Active,24.82,Normal,N,N
227,41.0,2026-05-14,32,Female,159.03,71.56,Lightly Active,28.3,Overweight,N,N
228,340.0,2026-06-25,35,Female,161.17,81.96,Sedentary,31.55,Obese,N,N
229,473.0,2026-02-23,46,Female,180.04,58.29,Lightly Active,17.98,Underweight,Y,Y
230,46.0,2026-06-18,41,Female,167.27,63.38,Very Active,22.65,Normal,Y,Y
231,400.0,2026-06-23,38,Female,158.18,62.65,Moderately Active,25.04,Overweight,Y,Y
232,88.0,2026-03-08,30,Female,160.32,55.75,Sedentary,21.69,Normal,Y,Y
233,,2026-04-15,23,Female,150.51,45.29,Moderately Active,19.99,Normal,Y,N
234,,2026-05-20,20,Female,151.34,68.9,Sedentary,30.08,Obese,Y,N
235,311.0,2026-01-05,34,Female,158.06,50.26,Lightly Active,20.12,Normal,Y,Y
236,,2026-05-24,34,Female,170.49,43.17,Lightly Active,14.85,Underweight,Y,N
237,,2026-04-29,48,Female,160.25,67.69,Sedentary,26.36,Overweight,N,N
238,,2026-05-05,29,Male,180.95,56.14,Very Active,17.15,Underweight,N,N
239,464.0,2026-02-01,39,Male,175.52,79.77,Lightly Active,25.89,Overweight,Y,N
240,441.0,2026-03-07,40,Female,162.87,55.61,Lightly Active,20.96,Normal,N,N
241,,2026-05-28,45,Male,164.25,86.74,Lightly Active,32.15,Obese,Y,Y
242,357.0,2026-06-28,23,Male,172.91,71.87,Moderately Active,24.04,Normal,Y,Y
243,,2026-04-22,40,Female,159.76,62.33,Sedentary,24.42,Normal,Y,Y
244,362.0,2026-01-02,50,Female,154.58,57.7,Extra Active,24.15,Normal,Y,N
245,255.0,2026-06-15,22,Female,167.48,54.83,Extra Active,19.55,Normal,Y,N
246,446.0,2026-04-29,37,Male,163.7,79.53,Moderately Active,29.68,Overweight,N,N
247,,2026-05-30,38,Male,169.19,76.62,Lightly Active,26.77,Overweight,Y,N
248,343.0,2026-04-15,25,Male,176.65,73.04,Moderately Active,23.41,Normal,N,N
249,369.0,2026-04-19,28,Male,166.77,61.0,Lightly Active,21.93,Normal,Y,Y
250,,2026-01-24,49,Female,149.52,65.76,Moderately Active,29.41,Overweight,Y,Y
251,,2026-01-14,20,Male,186.94,51.08,Sedentary,14.62,Underweight,N,N
252,364.0,2026-02-02,24,Male,184.21,66.0,Moderately Active,19.45,Normal,Y,N
253,,2026-04-25,39,Female,151.48,68.56,Moderately Active,29.88,Overweight,Y,Y
254,214.0,2026-01-11,33,Female,151.2,92.05,Very Active,40.26,Obese,Y,N
255,,2026-05-24,37,Female,148.76,72.99,Lightly Active,32.98,Obese,Y,Y
256,,2026-02-14,36,Female,154.5,80.1,Moderately Active,33.56,Obese,Y,Y
257,,2026-03-22,33,Female,151.4,66.03,Moderately Active,28.81,Overweight,Y,Y
258,,2026-06-13,30,Female,162.13,87.86,Lightly Active,33.42,Obese,N,N
259,189.0,2026-04-02,48,Female,155.31,62.2,Very Active,25.79,Overweight,Y,Y
260,,2026-06-18,25,Female,162.52,41.6,Lightly Active,15.75,Underweight,Y,N
261,,2026-03-25,44,Male,164.65,57.4,Lightly Active,21.17,Normal,Y,Y
262,,2026-01-25,48,Male,171.67,75.25,Very Active,25.53,Overweight,Y,N
263,9.0,2026-01-17,26,Female,159.57,64.44,Very Active,25.31,Overweight,Y,N
264,,2026-01-10,47,Male,174.06,70.04,Moderately Active,23.12,Normal,Y,Y
265,177.0,2026-01-19,35,Male,173.52,97.5,Extra Active,32.38,Obese,Y,N
266,,2026-05-28,49,Female,166.79,65.65,Sedentary,23.6,Normal,Y,Y
267,,2026-01-20,25,Male,156.36,47.46,Lightly Active,19.41,Normal,Y,N
268,194.0,2026-04-08,34,Female,157.76,63.41,Moderately Active,25.48,Overweight,N,N
269,191.0,2026-05-30,24,Male,166.03,64.18,Very Active,23.28,Normal,Y,N
270,50.0,2026-04-03,47,Male,169.66,72.65,Very Active,25.24,Overweight,N,N
271,297.0,2026-05-06,37,Female,157.99,71.95,Lightly Active,28.83,Overweight,Y,N
272,,2026-02-17,39,Male,161.52,79.08,Lightly Active,30.31,Obese,Y,Y
273,,2026-03-16,48,Male,180.99,62.82,Moderately Active,19.18,Normal,N,N
274,,2026-04-28,49,Male,172.23,65.84,Sedentary,22.2,Normal,Y,N
275,23.0,2026-06-11,25,Male,170.12,58.85,Sedentary,20.33,Normal,Y,Y
276,191.0,2026-01-25,39,Female,156.0,61.52,Lightly Active,25.28,Overweight,N,N
277,,2026-05-21,19,Male,171.26,63.3,Extra Active,21.58,Normal,N,N
278,,2026-05-04,43,Female,168.35,59.18,Moderately Active,20.88,Normal,N,N
279,255.0,2026-06-20,44,Female,154.81,62.57,Moderately Active,26.11,Overweight,Y,Y
280,,2026-05-19,27,Male,167.56,57.7,Moderately Active,20.55,Normal,N,N
281,,2026-05-21,31,Male,180.34,88.09,Extra Active,27.09,Overweight,Y,N
282,,2026-04-28,41,Female,147.03,83.59,Sedentary,38.67,Obese,Y,Y
283,435.0,2026-01-28,26,Female,152.74,86.42,Very Active,37.04,Obese,N,N
284,18.0,2026-02-18,18,Female,164.23,40.0,Moderately Active,14.83,Underweight,N,N
285,,2026-06-01,18,Female,157.85,50.13,Very Active,20.12,Normal,N,N
286,15.0,2026-03-04,20,Female,145.0,71.9,Moderately Active,34.2,Obese,N,N
287,,2026-04-17,50,Male,157.11,91.54,Very Active,37.09,Obese,Y,N
288,,2026-05-29,45,Male,173.16,77.32,Lightly Active,25.79,Overweight,Y,Y
289,163.0,2026-05-27,20,Male,172.44,78.04,Extra Active,26.24,Overweight,Y,Y
290,,2026-03-11,33,Male,172.09,77.26,Moderately Active,26.09,Overweight,N,N
291,318.0,2026-05-06,45,Female,162.15,70.23,Moderately Active,26.71,Overweight,Y,N
292,368.0,2026-06-25,44,Male,174.72,72.65,Lightly Active,23.8,Normal,N,N
293,344.0,2026-05-02,21,Male,162.93,65.91,Very Active,24.83,Normal,Y,Y
294,,2026-03-29,35,Female,159.21,42.64,Lightly Active,16.82,Underweight,N,N
295,378.0,2026-05-01,45,Male,174.64,94.38,Lightly Active,30.95,Obese,Y,Y
296,,2026-06-03,23,Female,159.59,47.06,Moderately Active,18.48,Underweight,N,N
297,346.0,2026-05-31,46,Female,160.33,40.0,Lightly Active,15.56,Underweight,Y,N
298,468.0,2026-01-01,40,Male,169.5,89.15,Very Active,31.03,Obese,Y,Y
299,,2026-03-20,30,Male,170.26,67.09,Lightly Active,23.14,Normal,N,N
300,465.0,2026-01-16,27,Female,164.04,50.42,Lightly Active,18.74,Normal,Y,N
301,,2026-06-06,43,Male,166.87,74.65,Extra Active,26.81,Overweight,N,N
302,497.0,2026-02-02,31,Male,165.41,54.74,Very Active,20.01,Normal,Y,Y
303,283.0,2026-03-30,34,Female,167.44,68.0,Lightly Active,24.25,Normal,Y,N
304,,2026-02-27,46,Female,171.77,80.35,Lightly Active,27.23,Overweight,Y,N
305,,2026-04-29,20,Male,169.79,88.69,Very Active,30.76,Obese,Y,Y
306,,2026-04-08,20,Male,163.63,68.77,Lightly Active,25.68,Overweight,Y,Y
307,49.0,2026-03-29,50,Female,161.58,48.44,Sedentary,18.55,Normal,Y,N
308,31.0,2026-04-13,47,Male,170.13,83.27,Moderately Active,28.77,Overweight,Y,Y
309,19.0,2026-03-29,26,Female,146.24,47.98,Moderately Active,22.44,Normal,Y,Y
310,90.0,2026-01-16,19,Female,145.94,68.45,Moderately Active,32.14,Obese,Y,Y
311,140.0,2026-04-13,31,Female,157.75,61.27,Moderately Active,24.62,Normal,Y,N
312,,2026-02-19,31,Female,155.56,49.89,Sedentary,20.62,Normal,N,N
313,55.0,2026-03-08,31,Female,158.44,80.34,Sedentary,32.0,Obese,Y,Y
314,36.0,2026-06-28,40,Male,171.25,51.86,Moderately Active,17.68,Underweight,Y,Y
315,,2026-04-30,32,Female,159.67,55.98,Sedentary,21.96,Normal,Y,Y
316,,2026-05-08,32,Male,173.79,82.67,Moderately Active,27.37,Overweight,Y,N
317,138.0,2026-01-27,31,Female,148.21,54.92,Sedentary,25.0,Overweight,Y,Y
318,,2026-06-28,48,Female,161.32,61.63,Moderately Active,23.68,Normal,Y,N
319,152.0,2026-02-06,37,Male,170.04,78.75,Moderately Active,27.24,Overweight,Y,Y
320,56.0,2026-02-22,20,Male,179.73,75.48,Moderately Active,23.37,Normal,Y,N
321,446.0,2026-02-18,30,Female,165.81,48.97,Lightly Active,17.81,Underweight,Y,Y
322,,2026-06-11,25,Female,165.05,52.81,Moderately Active,19.39,Normal,Y,Y
323,,2026-02-23,50,Male,175.44,97.23,Moderately Active,31.59,Obese,N,N
324,38.0,2026-02-02,23,Male,172.48,71.19,Lightly Active,23.93,Normal,Y,Y
325,96.0,2026-03-10,18,Female,145.0,71.39,Moderately Active,33.95,Obese,N,N
326,426.0,2026-06-25,41,Female,157.59,61.52,Moderately Active,24.77,Normal,N,N
327,25.0,2026-05-27,44,Male,173.82,93.85,Moderately Active,31.06,Obese,Y,N
328,337.0,2026-03-17,42,Female,155.36,66.31,Lightly Active,27.47,Overweight,Y,Y
329,,2026-03-19,37,Female,154.97,60.75,Moderately Active,25.3,Overweight,Y,N
330,,2026-04-05,24,Male,169.99,61.92,Moderately Active,21.43,Normal,Y,N
331,,2026-04-29,32,Male,156.18,83.9,Moderately Active,34.4,Obese,Y,N
332,440.0,2026-01-08,36,Male,173.65,93.8,Lightly Active,31.11,Obese,N,N
333,,2026-02-20,46,Female,159.52,76.86,Moderately Active,30.2,Obese,N,N
334,,2026-05-14,45,Male,162.13,75.95,Moderately Active,28.89,Overweight,N,N
335,,2026-02-03,34,Female,159.55,63.64,Moderately Active,25.0,Overweight,Y,Y
336,228.0,2026-02-26,20,Female,160.6,58.45,Moderately Active,22.66,Normal,Y,Y
337,,2026-06-23,47,Male,183.08,60.7,Moderately Active,18.11,Underweight,Y,N
338,,2026-01-21,31,Male,181.01,67.31,Moderately Active,20.54,Normal,Y,N
339,18.0,2026-01-25,28,Female,164.29,66.44,Moderately Active,24.62,Normal,Y,N
340,364.0,2026-03-30,44,Female,171.36,61.81,Very Active,21.05,Normal,N,N
341,,2026-02-02,19,Male,162.0,82.75,Lightly Active,31.53,Obese,Y,Y
342,102.0,2026-06-16,45,Female,148.83,46.56,Moderately Active,21.02,Normal,Y,N
343,,2026-04-14,20,Male,182.55,87.6,Moderately Active,26.29,Overweight,Y,N
344,492.0,2026-05-07,37,Female,165.25,43.08,Moderately Active,15.78,Underweight,Y,Y
345,158.0,2026-05-26,37,Male,166.04,99.6,Moderately Active,36.13,Obese,Y,N
346,172.0,2026-02-06,33,Female,148.82,58.99,Moderately Active,26.64,Overweight,N,N
347,257.0,2026-01-01,23,Male,167.42,73.16,Lightly Active,26.1,Overweight,N,N
348,447.0,2026-02-07,37,Male,175.12,86.2,Very Active,28.11,Overweight,N,N
349,482.0,2026-01-27,27,Male,172.02,99.89,Lightly Active,33.76,Obese,Y,Y
350,203.0,2026-03-03,43,Female,166.15,40.0,Very Active,14.49,Underweight,Y,Y
351,297.0,2026-05-27,31,Female,151.25,61.11,Moderately Active,26.71,Overweight,Y,Y
352,353.0,2026-06-07,34,Female,163.47,63.09,Lightly Active,23.61,Normal,N,N
353,39.0,2026-02-21,18,Male,167.99,77.43,Moderately Active,27.44,Overweight,Y,Y
354,421.0,2026-04-17,36,Male,175.62,63.65,Lightly Active,20.64,Normal,Y,N
355,,2026-02-20,41,Male,170.23,58.68,Sedentary,20.25,Normal,N,N
356,235.0,2026-02-25,49,Male,168.6,57.18,Sedentary,20.12,Normal,Y,Y
357,37.0,2026-01-05,23,Male,150.09,70.39,Moderately Active,31.25,Obese,Y,Y
358,,2026-02-22,47,Female,146.08,64.34,Lightly Active,30.15,Obese,Y,N
359,256.0,2026-03-31,28,Male,163.95,70.14,Moderately Active,26.09,Overweight,N,N
360,,2026-02-22,47,Female,164.76,72.75,Moderately Active,26.8,Overweight,Y,Y
361,,2026-02-22,28,Female,162.91,81.96,Lightly Active,30.88,Obese,Y,N
362,17.0,2026-05-25,35,Female,160.9,68.54,Lightly Active,26.47,Overweight,N,N
363,,2026-06-20,45,Male,167.29,84.84,Lightly Active,30.32,Obese,Y,Y
364,,2026-01-09,25,Female,169.61,40.0,Moderately Active,13.9,Underweight,Y,Y
365,177.0,2026-04-12,45,Male,177.33,60.79,Moderately Active,19.33,Normal,N,N
366,,2026-02-23,46,Female,158.17,71.84,Extra Active,28.72,Overweight,Y,Y
367,,2026-03-21,44,Male,179.78,68.97,Lightly Active,21.34,Normal,N,N
368,,2026-06-20,30,Male,185.51,59.18,Moderately Active,17.2,Underweight,Y,Y
369,288.0,2026-06-11,41,Male,174.5,76.97,Extra Active,25.28,Overweight,Y,Y
370,206.0,2026-01-15,45,Female,152.54,41.77,Very Active,17.95,Underweight,Y,N
371,,2026-06-03,19,Female,153.62,48.84,Lightly Active,20.7,Normal,Y,Y
372,477.0,2026-03-16,44,Male,169.47,82.48,Very Active,28.72,Overweight,N,N
373,,2026-06-13,41,Male,177.77,79.39,Extra Active,25.12,Overweight,Y,Y
374,312.0,2026-03-31,36,Male,174.76,88.98,Very Active,29.13,Overweight,Y,Y
375,,2026-04-18,35,Male,166.81,89.75,Moderately Active,32.25,Obese,Y,N
376,228.0,2026-03-07,37,Male,170.97,71.73,Very Active,24.54,Normal,Y,N
377,,2026-05-19,32,Male,167.1,67.51,Moderately Active,24.18,Normal,Y,Y
378,345.0,2026-03-25,21,Male,169.78,93.71,Sedentary,32.51,Obese,N,N
379,,2026-06-18,19,Male,168.78,74.69,Lightly Active,26.22,Overweight,N,N
380,12.0,2026-05-22,23,Female,151.37,72.69,Lightly Active,31.72,Obese,N,N
381,46.0,2026-04-26,37,Male,172.63,87.71,Moderately Active,29.43,Overweight,Y,N
382,70.0,2026-03-02,50,Male,173.6,78.96,Extra Active,26.2,Overweight,Y,N
383,93.0,2026-04-01,34,Male,165.73,70.95,Sedentary,25.83,Overweight,Y,Y
384,,2026-03-23,50,Male,169.68,105.9,Moderately Active,36.78,Obese,Y,N
385,119.0,2026-02-10,43,Female,150.05,63.49,Moderately Active,28.2,Overweight,N,N
386,487.0,2026-01-12,33,Female,157.52,54.74,Moderately Active,22.06,Normal,Y,Y
387,8.0,2026-03-13,42,Male,173.13,68.27,Lightly Active,22.78,Normal,Y,Y
388,,2026-03-09,28,Male,177.98,60.64,Extra Active,19.14,Normal,N,N
389,297.0,2026-04-02,32,Female,160.45,63.38,Lightly Active,24.62,Normal,N,N
390,346.0,2026-02-15,39,Male,162.77,86.86,Extra Active,32.78,Obese,N,N
391,20.0,2026-06-25,24,Male,179.92,70.54,Lightly Active,21.79,Normal,N,N
392,19.0,2026-05-10,33,Female,150.08,82.26,Moderately Active,36.52,Obese,Y,N
393,275.0,2026-02-23,20,Male,174.4,57.22,Lightly Active,18.81,Normal,Y,N
394,130.0,2026-04-08,36,Male,169.95,84.84,Moderately Active,29.37,Overweight,N,N
395,,2026-02-24,21,Female,156.63,48.18,Moderately Active,19.64,Normal,Y,N
396,168.0,2026-04-28,35,Female,162.21,77.03,Moderately Active,29.28,Overweight,Y,Y
397,,2026-06-18,25,Male,164.51,56.52,Moderately Active,20.88,Normal,Y,Y
398,232.0,2026-02-17,23,Male,166.76,57.54,Lightly Active,20.69,Normal,Y,N
399,,2026-03-02,20,Female,155.32,40.0,Moderately Active,16.58,Underweight,N,N
400,,2026-06-28,43,Female,161.01,75.42,Lightly Active,29.09,Overweight,Y,Y
401,346.0,2026-05-09,44,Male,172.26,58.9,Moderately Active,19.85,Normal,Y,Y
402,,2026-01-11,20,Female,162.56,52.13,Very Active,19.73,Normal,N,N
403,38.0,2026-05-14,38,Male,183.12,76.3,Moderately Active,22.75,Normal,N,N
404,153.0,2026-02-03,41,Female,156.32,45.34,Very Active,18.55,Normal,Y,N
405,108.0,2026-01-01,43,Male,168.53,66.23,Sedentary,23.32,Normal,Y,Y
406,151.0,2026-03-22,38,Female,156.45,48.2,Moderately Active,19.69,Normal,N,N
407,,2026-02-12,19,Female,157.47,51.98,Moderately Active,20.96,Normal,N,N
408,,2026-02-19,48,Female,155.86,59.89,Very Active,24.65,Normal,Y,N
409,185.0,2026-01-18,19,Male,177.16,83.45,Lightly Active,26.59,Overweight,Y,Y
410,407.0,2026-04-30,40,Female,151.5,53.17,Sedentary,23.17,Normal,Y,N
411,76.0,2026-05-24,41,Female,162.73,42.24,Sedentary,15.95,Underweight,Y,N
412,,2026-06-03,23,Male,171.79,90.95,Lightly Active,30.82,Obese,Y,Y
413,387.0,2026-02-18,25,Female,145.0,64.29,Very Active,30.58,Obese,Y,N
414,,2026-01-10,41,Male,163.6,78.89,Very Active,29.48,Overweight,Y,N
415,406.0,2026-06-21,24,Female,158.27,40.94,Very Active,16.34,Underweight,Y,Y
416,,2026-05-28,32,Male,163.3,68.81,Moderately Active,25.8,Overweight,Y,Y
417,306.0,2026-04-21,50,Male,181.28,74.93,Very Active,22.8,Normal,N,N
418,211.0,2026-01-02,48,Male,162.64,64.79,Moderately Active,24.49,Normal,N,N
419,,2026-06-02,27,Male,176.63,82.92,Very Active,26.58,Overweight,N,N
420,,2026-01-05,41,Female,149.65,45.83,Moderately Active,20.46,Normal,Y,Y
421,,2026-06-03,24,Male,163.18,68.23,Moderately Active,25.62,Overweight,Y,Y
422,157.0,2026-02-23,32,Male,155.1,59.2,Very Active,24.61,Normal,Y,N
423,472.0,2026-03-13,30,Male,158.98,69.55,Moderately Active,27.52,Overweight,Y,N
424,481.0,2026-01-11,26,Female,147.06,40.0,Moderately Active,18.5,Normal,N,N
425,,2026-01-11,34,Male,167.81,82.12,Moderately Active,29.16,Overweight,N,N
426,,2026-05-03,31,Female,166.98,51.56,Very Active,18.49,Underweight,Y,N
427,110.0,2026-05-07,48,Male,162.62,72.47,Lightly Active,27.4,Overweight,Y,N
428,111.0,2026-02-09,42,Male,169.23,80.56,Moderately Active,28.13,Overweight,N,N
429,464.0,2026-04-10,18,Female,163.32,55.8,Lightly Active,20.92,Normal,Y,N
430,78.0,2026-04-17,29,Male,172.53,78.38,Very Active,26.33,Overweight,Y,Y
431,,2026-06-16,20,Male,159.54,47.12,Lightly Active,18.51,Normal,N,N
432,471.0,2026-06-01,42,Female,161.04,64.64,Extra Active,24.92,Normal,Y,Y
433,27.0,2026-04-20,22,Male,157.23,90.35,Lightly Active,36.55,Obese,N,N
434,,2026-01-29,28,Male,167.15,66.24,Sedentary,23.71,Normal,Y,N
435,320.0,2026-05-19,22,Male,171.16,68.68,Sedentary,23.44,Normal,N,N
436,446.0,2026-06-21,26,Male,159.12,51.54,Moderately Active,20.36,Normal,Y,Y
437,,2026-02-20,32,Female,163.51,75.66,Sedentary,28.3,Overweight,Y,Y
438,154.0,2026-05-07,50,Female,173.76,55.92,Moderately Active,18.52,Normal,Y,Y
439,,2026-04-20,21,Female,162.97,74.85,Very Active,28.18,Overweight,Y,N
440,136.0,2026-06-19,36,Male,163.11,49.3,Lightly Active,18.53,Normal,N,N
441,212.0,2026-06-29,50,Female,157.65,47.85,Moderately Active,19.25,Normal,N,N
442,,2026-01-06,24,Female,160.75,52.11,Very Active,20.17,Normal,Y,Y
443,,2026-05-27,24,Male,160.31,71.18,Very Active,27.7,Overweight,Y,Y
444,,2026-03-15,21,Male,176.98,61.98,Lightly Active,19.79,Normal,Y,N
445,20.0,2026-01-17,23,Female,161.61,69.85,Sedentary,26.74,Overweight,Y,N
446,458.0,2026-04-19,31,Female,166.82,64.14,Sedentary,23.05,Normal,Y,Y
447,376.0,2026-01-27,35,Male,165.09,93.97,Extra Active,34.48,Obese,N,N
448,,2026-03-06,18,Male,164.2,64.63,Lightly Active,23.97,Normal,Y,N
449,,2026-01-11,44,Female,164.11,56.26,Very Active,20.89,Normal,Y,Y
450,,2026-01-27,49,Male,193.99,68.32,Lightly Active,18.15,Underweight,Y,N
451,,2026-03-11,33,Male,166.16,80.83,Moderately Active,29.28,Overweight,Y,Y
452,464.0,2026-05-25,35,Male,169.56,79.66,Very Active,27.71,Overweight,Y,Y
453,412.0,2026-01-03,43,Male,164.8,78.48,Moderately Active,28.9,Overweight,N,N
454,,2026-05-09,39,Male,171.3,83.69,Sedentary,28.52,Overweight,N,N
455,,2026-03-09,47,Male,170.46,63.5,Lightly Active,21.85,Normal,Y,N
456,497.0,2026-06-25,32,Female,155.06,64.72,Moderately Active,26.92,Overweight,Y,N
457,67.0,2026-05-27,40,Female,163.17,43.17,Moderately Active,16.21,Underweight,Y,N
458,301.0,2026-06-05,27,Male,168.22,82.75,Extra Active,29.24,Overweight,Y,Y
459,125.0,2026-06-20,27,Female,155.78,77.39,Moderately Active,31.89,Obese,N,N
460,97.0,2026-04-27,40,Male,177.17,60.92,Very Active,19.41,Normal,Y,N
461,,2026-04-21,46,Male,168.86,65.21,Lightly Active,22.87,Normal,N,N
462,,2026-04-27,36,Male,164.46,86.66,Moderately Active,32.04,Obese,Y,N
463,79.0,2026-06-03,23,Female,148.98,46.62,Very Active,21.0,Normal,Y,N
464,75.0,2026-04-11,24,Male,169.29,73.3,Extra Active,25.58,Overweight,Y,Y
465,,2026-02-05,49,Male,173.38,71.79,Moderately Active,23.88,Normal,Y,Y
466,,2026-05-01,25,Male,179.77,91.96,Extra Active,28.46,Overweight,N,N
467,,2026-05-13,42,Male,168.23,67.96,Lightly Active,24.01,Normal,Y,N
468,,2026-06-25,26,Male,158.55,68.8,Lightly Active,27.37,Overweight,Y,Y
469,,2026-04-10,46,Male,174.69,77.35,Sedentary,25.35,Overweight,N,N
470,,2026-02-05,42,Female,158.84,44.46,Very Active,17.62,Underweight,N,N
471,415.0,2026-01-03,45,Female,169.58,55.65,Very Active,19.35,Normal,Y,Y
472,236.0,2026-03-11,26,Female,156.57,60.59,Very Active,24.72,Normal,Y,N
473,45.0,2026-05-04,44,Female,156.12,61.26,Moderately Active,25.13,Overweight,Y,N
474,391.0,2026-04-07,41,Male,173.25,82.88,Lightly Active,27.61,Overweight,Y,N
475,198.0,2026-06-25,49,Female,161.73,53.17,Lightly Active,20.33,Normal,Y,N
476,31.0,2026-05-08,41,Female,166.44,61.68,Extra Active,22.27,Normal,Y,N
477,276.0,2026-03-24,27,Male,169.82,76.08,Sedentary,26.38,Overweight,N,N
478,181.0,2026-03-29,30,Female,148.81,53.16,Lightly Active,24.01,Normal,Y,Y
479,,2026-01-09,42,Male,156.46,68.16,Sedentary,27.84,Overweight,Y,Y
480,182.0,2026-06-03,37,Female,160.32,52.26,Lightly Active,20.33,Normal,Y,Y
481,319.0,2026-01-28,29,Male,180.42,77.77,Lightly Active,23.89,Normal,Y,Y
482,,2026-02-08,39,Female,155.07,70.51,Sedentary,29.32,Overweight,N,N
483,323.0,2026-03-26,32,Male,178.91,93.22,Lightly Active,29.12,Overweight,N,N
484,113.0,2026-05-12,25,Female,159.95,65.28,Lightly Active,25.52,Overweight,N,N
485,,2026-03-26,19,Female,174.82,64.72,Moderately Active,21.18,Normal,N,N
486,,2026-03-15,32,Female,163.2,75.32,Moderately Active,28.28,Overweight,Y,N
487,423.0,2026-02-01,26,Male,152.73,62.86,Sedentary,26.95,Overweight,Y,Y
488,452.0,2026-05-29,27,Male,173.23,53.01,Lightly Active,17.66,Underweight,N,N
489,10.0,2026-01-28,32,Male,158.67,68.35,Very Active,27.15,Overweight,Y,N
490,223.0,2026-03-13,22,Female,162.71,55.74,Very Active,21.05,Normal,Y,Y
491,,2026-05-12,49,Male,174.1,67.88,Lightly Active,22.39,Normal,N,N
492,,2026-06-24,30,Female,158.97,40.0,Very Active,15.83,Underweight,Y,N
493,435.0,2026-06-01,48,Female,152.55,68.07,Very Active,29.25,Overweight,N,N
494,215.0,2026-01-12,37,Male,172.36,74.04,Very Active,24.92,Normal,Y,Y
495,153.0,2026-04-20,25,Male,182.9,73.44,Extra Active,21.95,Normal,Y,Y
496,460.0,2026-02-25,23,Female,166.32,47.67,Moderately Active,17.23,Underweight,Y,Y
497,,2026-05-09,23,Male,164.12,62.04,Sedentary,23.03,Normal,Y,N
498,184.0,2026-06-24,20,Female,163.5,48.43,Moderately Active,18.12,Underweight,Y,N
499,78.0,2026-02-11,37,Male,163.1,73.23,Extra Active,27.53,Overweight,Y,Y
500,281.0,2026-05-13,47,Male,150.48,87.03,Very Active,38.43,Obese,Y,Y
501,,2026-02-25,45,Male,193.22,89.69,Moderately Active,24.02,Normal,Y,Y
502,415.0,2026-04-26,48,Male,167.16,60.85,Extra Active,21.78,Normal,Y,N
503,,2026-02-02,40,Male,168.77,85.8,Moderately Active,30.12,Obese,N,N
504,,2026-05-09,37,Female,165.09,48.55,Moderately Active,17.81,Underweight,Y,N
505,362.0,2026-05-07,30,Male,174.71,68.19,Very Active,22.34,Normal,Y,Y
506,322.0,2026-03-17,37,Female,161.12,43.24,Moderately Active,16.66,Underweight,Y,N
507,443.0,2026-02-21,38,Female,162.15,61.42,Lightly Active,23.36,Normal,N,N
508,452.0,2026-05-15,47,Male,166.25,91.5,Moderately Active,33.11,Obese,N,N
509,,2026-03-26,19,Female,154.56,40.0,Sedentary,16.74,Underweight,N,N
510,81.0,2026-04-04,39,Female,156.34,54.2,Lightly Active,22.17,Normal,Y,Y
511,,2026-05-11,29,Female,151.08,81.77,Extra Active,35.82,Obese,N,N
512,485.0,2026-04-23,34,Female,157.82,54.07,Lightly Active,21.71,Normal,N,N
513,232.0,2026-01-12,42,Male,176.92,93.31,Moderately Active,29.81,Overweight,N,N
514,289.0,2026-03-18,49,Female,174.8,56.81,Lightly Active,18.59,Normal,Y,N
515,,2026-04-25,50,Female,157.34,75.1,Sedentary,30.34,Obese,N,N
516,,2026-06-10,21,Male,158.54,86.45,Moderately Active,34.39,Obese,Y,N
517,361.0,2026-04-10,31,Female,161.08,44.97,Moderately Active,17.33,Underweight,N,N
518,,2026-04-06,24,Female,147.91,40.0,Very Active,18.28,Underweight,Y,N
519,,2026-02-02,43,Male,170.35,67.5,Sedentary,23.26,Normal,N,N
520,,2026-03-17,48,Male,153.45,88.72,Moderately Active,37.68,Obese,N,N
521,,2026-03-09,34,Male,165.98,61.4,Lightly Active,22.29,Normal,Y,Y
522,,2026-01-04,25,Female,165.69,66.4,Very Active,24.19,Normal,Y,N
523,275.0,2026-04-02,36,Female,157.65,66.48,Sedentary,26.75,Overweight,Y,Y
524,,2026-03-20,42,Male,170.93,60.35,Lightly Active,20.66,Normal,Y,Y
525,393.0,2026-02-22,35,Female,153.36,40.0,Lightly Active,17.01,Underweight,N,N
526,454.0,2026-01-25,48,Male,166.27,75.59,Very Active,27.34,Overweight,Y,Y
527,,2026-02-28,41,Male,162.17,71.14,Lightly Active,27.05,Overweight,N,N
528,487.0,2026-05-29,35,Male,182.63,60.57,Extra Active,18.16,Underweight,Y,Y
529,126.0,2026-06-07,45,Male,178.81,81.69,Moderately Active,25.55,Overweight,Y,Y
530,302.0,2026-02-22,20,Female,154.49,46.57,Very Active,19.51,Normal,N,N
531,46.0,2026-03-19,36,Female,160.36,83.37,Moderately Active,32.42,Obese,Y,Y
532,127.0,2026-05-22,40,Male,166.95,51.77,Moderately Active,18.57,Normal,N,N
533,,2026-01-24,50,Female,160.6,70.42,Very Active,27.3,Overweight,Y,N
534,290.0,2026-01-14,43,Male,164.5,52.25,Extra Active,19.31,Normal,N,N
535,,2026-01-30,26,Male,166.13,80.68,Lightly Active,29.23,Overweight,Y,Y
536,190.0,2026-06-05,49,Female,160.59,61.89,Lightly Active,24.0,Normal,N,N
537,248.0,2026-05-12,32,Female,153.73,59.11,Sedentary,25.01,Overweight,Y,Y
538,,2026-02-23,20,Female,166.58,60.56,Lightly Active,21.82,Normal,Y,N
539,465.0,2026-02-28,29,Female,167.62,58.96,Very Active,20.98,Normal,Y,N
540,423.0,2026-04-23,20,Male,165.28,49.94,Sedentary,18.28,Underweight,Y,Y
541,341.0,2026-03-21,25,Female,161.11,61.09,Moderately Active,23.54,Normal,Y,Y
542,,2026-04-12,31,Female,175.33,66.85,Moderately Active,21.75,Normal,N,N
543,355.0,2026-05-08,48,Male,167.93,88.82,Lightly Active,31.5,Obese,Y,N
544,274.0,2026-04-14,32,Male,172.82,50.91,Lightly Active,17.05,Underweight,N,N
545,,2026-04-13,40,Female,155.07,53.8,Sedentary,22.37,Normal,Y,N
546,,2026-04-07,46,Female,162.67,56.05,Extra Active,21.18,Normal,N,N
547,140.0,2026-01-31,27,Male,178.0,59.0,Very Active,18.62,Normal,Y,N
548,75.0,2026-01-31,26,Male,156.41,69.87,Moderately Active,28.56,Overweight,N,N
549,,2026-04-17,50,Male,182.95,97.49,Very Active,29.13,Overweight,Y,N
550,443.0,2026-05-23,48,Male,178.87,61.36,Very Active,19.18,Normal,N,N
551,,2026-04-20,26,Male,169.16,71.13,Lightly Active,24.86,Normal,Y,N
552,,2026-02-20,31,Male,168.35,64.63,Very Active,22.8,Normal,N,N
553,,2026-06-14,41,Female,149.62,75.4,Moderately Active,33.68,Obese,Y,N
554,,2026-06-19,28,Male,176.72,84.0,Very Active,26.9,Overweight,Y,N
555,,2026-06-18,43,Female,170.93,57.1,Extra Active,19.54,Normal,N,N
556,387.0,2026-05-20,35,Female,155.95,52.84,Lightly Active,21.73,Normal,N,N
557,48.0,2026-02-21,29,Female,157.4,45.79,Lightly Active,18.48,Underweight,Y,Y
558,,2026-03-29,31,Male,177.43,85.87,Moderately Active,27.28,Overweight,Y,Y
559,,2026-01-29,23,Female,168.54,61.45,Extra Active,21.63,Normal,N,N
560,,2026-03-31,45,Male,178.0,75.13,Sedentary,23.71,Normal,N,N
561,,2026-01-31,29,Female,156.6,54.73,Sedentary,22.32,Normal,Y,Y
562,310.0,2026-04-30,33,Male,169.51,65.36,Moderately Active,22.75,Normal,Y,N
563,168.0,2026-03-20,19,Male,166.68,67.23,Moderately Active,24.2,Normal,N,N
564,,2026-04-07,32,Female,146.47,55.16,Lightly Active,25.71,Overweight,N,N
565,,2026-01-22,24,Male,178.1,61.74,Moderately Active,19.46,Normal,Y,Y
566,,2026-04-03,40,Female,173.2,48.58,Moderately Active,16.19,Underweight,N,N
567,,2026-05-27,41,Female,156.33,63.72,Extra Active,26.07,Overweight,Y,Y
568,387.0,2026-05-08,33,Male,161.34,63.74,Moderately Active,24.49,Normal,N,N
569,164.0,2026-02-23,24,Female,149.69,70.93,Very Active,31.66,Obese,N,N
570,172.0,2026-03-28,43,Female,153.53,62.5,Moderately Active,26.52,Overweight,Y,N
571,404.0,2026-04-29,43,Male,163.87,74.82,Moderately Active,27.86,Overweight,Y,N
572,473.0,2026-04-04,49,Male,169.69,67.31,Moderately Active,23.38,Normal,Y,N
573,419.0,2026-01-19,45,Female,156.25,48.1,Lightly Active,19.7,Normal,Y,Y
574,,2026-05-05,23,Female,153.9,52.19,Lightly Active,22.03,Normal,N,N
575,125.0,2026-02-26,40,Male,174.63,90.7,Very Active,29.74,Overweight,Y,N
576,,2026-05-21,19,Female,164.75,76.74,Moderately Active,28.27,Overweight,N,N
577,,2026-04-21,29,Male,169.89,61.82,Very Active,21.42,Normal,Y,Y
578,,2026-02-21,30,Female,164.84,75.38,Moderately Active,27.74,Overweight,Y,Y
579,420.0,2026-04-14,49,Male,164.76,55.39,Sedentary,20.4,Normal,N,N
580,,2026-01-25,20,Female,162.36,55.08,Sedentary,20.89,Normal,N,N
581,363.0,2026-03-27,24,Male,161.57,69.82,Lightly Active,26.75,Overweight,N,N
582,,2026-03-14,37,Male,164.91,60.01,Lightly Active,22.07,Normal,N,N
583,208.0,2026-05-08,34,Female,158.27,79.36,Moderately Active,31.68,Obese,Y,Y
584,,2026-05-30,34,Male,164.19,81.46,Moderately Active,30.22,Obese,Y,N
585,33.0,2026-01-25,43,Male,168.36,83.96,Very Active,29.62,Overweight,Y,N
586,480.0,2026-04-28,34,Male,164.32,87.65,Moderately Active,32.46,Obese,Y,Y
587,451.0,2026-03-29,23,Male,162.12,85.42,Extra Active,32.5,Obese,N,N
588,370.0,2026-04-08,19,Male,173.04,83.8,Moderately Active,27.99,Overweight,Y,Y
589,,2026-04-29,42,Male,169.79,68.34,Moderately Active,23.71,Normal,Y,Y
590,59.0,2026-01-10,29,Male,169.05,75.49,Moderately Active,26.42,Overweight,Y,Y
591,496.0,2026-02-16,20,Male,185.16,86.86,Very Active,25.34,Overweight,Y,Y
592,373.0,2026-03-20,45,Male,167.23,58.2,Lightly Active,20.81,Normal,N,N
593,255.0,2026-05-11,41,Female,165.44,53.88,Very Active,19.69,Normal,Y,Y
594,209.0,2026-02-10,46,Male,159.83,53.14,Very Active,20.8,Normal,Y,N
595,,2026-01-27,48,Female,157.09,47.51,Moderately Active,19.25,Normal,Y,N
596,,2026-04-03,41,Male,172.03,81.31,Very Active,27.47,Overweight,Y,N
597,490.0,2026-02-10,30,Male,179.22,78.08,Very Active,24.31,Normal,Y,N
598,74.0,2026-01-31,18,Female,168.49,65.06,Sedentary,22.92,Normal,Y,Y
599,20.0,2026-04-30,24,Male,172.97,77.32,Moderately Active,25.84,Overweight,N,N
600,299.0,2026-04-16,29,Male,163.07,91.4,Sedentary,34.37,Obese,Y,Y
601,,2026-05-11,45,Male,168.49,83.67,Lightly Active,29.47,Overweight,Y,N
602,110.0,2026-01-17,44,Male,179.53,69.94,Sedentary,21.7,Normal,Y,Y
603,,2026-06-22,39,Male,163.87,67.42,Moderately Active,25.11,Overweight,Y,N
604,50.0,2026-05-09,40,Female,148.97,80.62,Lightly Active,36.33,Obese,N,N
605,,2026-02-24,36,Male,164.92,66.37,Extra Active,24.4,Normal,N,N
606,,2026-03-12,44,Female,158.32,60.23,Lightly Active,24.03,Normal,Y,N
607,36.0,2026-04-08,28,Male,172.11,67.17,Lightly Active,22.68,Normal,Y,Y
608,182.0,2026-06-18,49,Male,157.71,81.42,Moderately Active,32.74,Obese,N,N
609,,2026-06-02,40,Female,153.06,51.91,Lightly Active,22.16,Normal,Y,N
610,,2026-03-27,34,Male,169.36,85.91,Moderately Active,29.95,Overweight,N,N
611,,2026-04-09,42,Male,178.65,66.4,Moderately Active,20.8,Normal,N,N
612,,2026-04-24,34,Female,178.79,52.9,Moderately Active,16.55,Underweight,Y,Y
613,205.0,2026-03-12,33,Male,153.67,57.36,Very Active,24.29,Normal,Y,N
614,,2026-06-15,38,Female,159.08,54.11,Sedentary,21.38,Normal,Y,N
615,,2026-01-07,34,Male,172.31,74.8,Very Active,25.19,Overweight,Y,N
616,326.0,2026-02-13,49,Male,173.22,72.12,Moderately Active,24.04,Normal,Y,N
617,304.0,2026-06-23,35,Female,154.85,61.88,Very Active,25.81,Overweight,Y,N
618,256.0,2026-03-22,43,Female,165.08,50.43,Very Active,18.51,Normal,N,N
619,,2026-03-27,34,Male,166.35,90.14,Very Active,32.57,Obese,Y,Y
620,254.0,2026-03-13,40,Male,170.82,81.7,Moderately Active,28.0,Overweight,N,N
621,,2026-05-15,48,Female,153.37,49.57,Sedentary,21.07,Normal,N,N
622,343.0,2026-02-20,31,Female,161.0,42.52,Moderately Active,16.4,Underweight,N,N
623,479.0,2026-05-29,43,Female,162.75,58.59,Lightly Active,22.12,Normal,Y,Y
624,,2026-03-05,25,Male,173.85,70.99,Moderately Active,23.49,Normal,Y,Y
625,66.0,2026-06-28,20,Female,164.19,40.0,Very Active,14.84,Underweight,Y,Y
626,,2026-05-02,19,Female,156.96,58.79,Lightly Active,23.86,Normal,Y,Y
627,430.0,2026-01-23,35,Male,173.83,62.52,Lightly Active,20.69,Normal,Y,N
628,,2026-02-25,42,Male,162.85,77.45,Lightly Active,29.2,Overweight,Y,Y
629,,2026-01-08,34,Female,165.47,62.83,Lightly Active,22.95,Normal,Y,N
630,255.0,2026-04-15,27,Female,159.48,41.82,Lightly Active,16.44,Underweight,N,N
631,349.0,2026-06-11,46,Male,170.61,75.03,Moderately Active,25.78,Overweight,Y,N
632,217.0,2026-04-12,36,Female,164.62,66.05,Moderately Active,24.37,Normal,Y,Y
633,,2026-06-27,35,Male,159.76,76.72,Extra Active,30.06,Obese,Y,N
634,,2026-04-21,43,Female,152.72,57.97,Moderately Active,24.85,Normal,Y,Y
635,228.0,2026-05-05,26,Female,158.13,56.95,Lightly Active,22.78,Normal,Y,N
636,,2026-03-09,48,Male,166.32,64.39,Sedentary,23.28,Normal,Y,N
637,124.0,2026-05-28,21,Male,159.19,70.85,Lightly Active,27.96,Overweight,N,N
638,,2026-01-23,21,Male,174.38,71.59,Sedentary,23.54,Normal,N,N
639,,2026-01-12,45,Female,145.24,66.55,Moderately Active,31.55,Obese,Y,Y
640,458.0,2026-01-30,38,Male,171.36,40.0,Lightly Active,13.62,Underweight,Y,Y
641,,2026-06-01,34,Female,160.4,73.97,Very Active,28.75,Overweight,Y,N
642,423.0,2026-02-21,48,Male,174.22,67.45,Moderately Active,22.22,Normal,N,N
643,,2026-04-20,19,Male,169.81,81.99,Sedentary,28.43,Overweight,N,N
644,343.0,2026-04-25,38,Male,171.55,56.62,Very Active,19.24,Normal,Y,Y
645,108.0,2026-05-16,48,Male,177.08,96.62,Moderately Active,30.81,Obese,Y,N
646,,2026-03-30,19,Male,167.19,84.98,Moderately Active,30.4,Obese,Y,N
647,,2026-04-15,29,Male,169.99,61.97,Sedentary,21.45,Normal,Y,Y
648,,2026-04-14,19,Male,159.92,67.04,Very Active,26.21,Overweight,Y,Y
649,350.0,2026-05-01,45,Male,166.19,54.31,Sedentary,19.66,Normal,Y,Y
650,131.0,2026-02-10,25,Female,154.55,84.23,Moderately Active,35.26,Obese,Y,N
651,395.0,2026-01-25,43,Female,171.92,58.75,Very Active,19.88,Normal,Y,N
652,473.0,2026-02-18,26,Male,180.55,47.52,Moderately Active,14.58,Underweight,Y,Y
653,68.0,2026-06-22,37,Female,156.66,53.75,Sedentary,21.9,Normal,Y,Y
654,,2026-03-05,31,Female,163.28,45.23,Moderately Active,16.97,Underweight,Y,N
655,,2026-01-03,46,Male,167.46,87.41,Lightly Active,31.17,Obese,N,N
656,,2026-05-06,18,Female,146.37,67.43,Moderately Active,31.47,Obese,Y,N
657,,2026-06-14,43,Female,151.05,55.02,Lightly Active,24.11,Normal,N,N
658,,2026-03-10,45,Male,167.52,61.83,Sedentary,22.03,Normal,N,N
659,464.0,2026-05-16,47,Female,150.98,60.71,Lightly Active,26.63,Overweight,Y,N
660,204.0,2026-04-23,37,Female,162.98,62.11,Moderately Active,23.38,Normal,Y,Y
661,430.0,2026-01-03,30,Male,170.91,84.61,Lightly Active,28.97,Overweight,N,N
662,48.0,2026-04-29,40,Female,151.19,85.82,Lightly Active,37.54,Obese,Y,N
663,,2026-06-18,39,Male,162.62,78.1,Lightly Active,29.53,Overweight,Y,Y
664,,2026-03-09,36,Male,174.6,56.53,Moderately Active,18.54,Normal,Y,N
665,134.0,2026-01-15,50,Male,176.37,75.29,Moderately Active,24.2,Normal,Y,Y
666,265.0,2026-05-22,46,Male,176.13,79.49,Very Active,25.62,Overweight,Y,Y
667,292.0,2026-03-07,42,Female,148.56,83.67,Lightly Active,37.91,Obese,Y,Y
668,,2026-05-07,45,Male,159.05,65.15,Moderately Active,25.75,Overweight,N,N
669,88.0,2026-03-10,50,Male,171.07,56.02,Extra Active,19.14,Normal,Y,Y
670,,2026-05-22,20,Male,174.87,66.52,Moderately Active,21.75,Normal,Y,N
671,423.0,2026-05-31,38,Female,160.53,54.63,Lightly Active,21.2,Normal,Y,N
672,304.0,2026-06-10,29,Male,170.07,80.48,Sedentary,27.82,Overweight,N,N
673,,2026-04-22,41,Female,163.4,62.29,Sedentary,23.33,Normal,Y,Y
674,,2026-02-09,39,Female,161.34,50.12,Moderately Active,19.25,Normal,Y,Y
675,,2026-02-01,21,Female,163.55,79.29,Moderately Active,29.64,Overweight,Y,N
676,52.0,2026-02-03,20,Male,174.98,78.27,Moderately Active,25.56,Overweight,Y,Y
677,388.0,2026-04-08,43,Male,168.25,76.92,Lightly Active,27.17,Overweight,Y,N
678,459.0,2026-03-04,28,Male,168.27,66.06,Lightly Active,23.33,Normal,N,N
679,,2026-03-09,40,Male,171.83,79.37,Extra Active,26.88,Overweight,N,N
680,,2026-04-23,19,Female,149.16,57.36,Moderately Active,25.78,Overweight,N,N
681,25.0,2026-03-12,40,Female,163.92,49.46,Very Active,18.41,Underweight,Y,Y
682,,2026-06-24,29,Female,157.69,42.3,Moderately Active,17.01,Underweight,Y,N
683,,2026-01-31,19,Female,158.39,43.71,Sedentary,17.42,Underweight,Y,Y
684,,2026-02-25,40,Female,159.67,50.58,Sedentary,19.84,Normal,Y,Y
685,,2026-01-02,38,Female,152.0,41.41,Sedentary,17.92,Underweight,N,N
686,131.0,2026-06-20,23,Male,164.76,79.26,Extra Active,29.2,Overweight,Y,N
687,159.0,2026-06-27,20,Female,159.43,63.5,Very Active,24.98,Normal,N,N
688,,2026-01-15,26,Female,159.52,77.67,Lightly Active,30.52,Obese,N,N
689,,2026-05-26,20,Female,163.03,60.56,Lightly Active,22.79,Normal,Y,N
690,,2026-03-18,40,Female,164.06,81.56,Moderately Active,30.3,Obese,Y,Y
691,,2026-05-13,31,Female,158.59,84.8,Lightly Active,33.72,Obese,N,N
692,,2026-06-03,49,Female,155.98,63.17,Moderately Active,25.96,Overweight,N,N
693,412.0,2026-03-11,27,Female,160.85,69.67,Very Active,26.93,Overweight,N,N
694,91.0,2026-03-02,38,Male,158.37,64.63,Moderately Active,25.77,Overweight,Y,Y
695,340.0,2026-05-18,23,Male,170.51,74.15,Lightly Active,25.5,Overweight,N,N
696,172.0,2026-05-12,30,Male,177.39,93.16,Very Active,29.61,Overweight,Y,Y
697,216.0,2026-02-03,35,Male,172.31,89.4,Moderately Active,30.11,Obese,N,N
698,,2026-05-10,24,Male,173.08,61.41,Lightly Active,20.5,Normal,Y,Y
699,,2026-06-15,41,Female,159.85,56.68,Moderately Active,22.18,Normal,Y,Y
700,234.0,2026-03-28,23,Female,157.05,79.36,Very Active,32.18,Obese,N,N
701,327.0,2026-01-14,33,Male,176.11,75.02,Extra Active,24.19,Normal,Y,Y
702,119.0,2026-06-08,45,Female,158.26,68.25,Lightly Active,27.25,Overweight,Y,Y
703,78.0,2026-04-27,50,Male,181.1,69.44,Lightly Active,21.17,Normal,N,N
704,,2026-01-04,39,Male,169.25,86.91,Very Active,30.34,Obese,Y,N
705,,2026-05-22,50,Female,155.88,68.61,Lightly Active,28.24,Overweight,Y,N
706,,2026-01-08,38,Male,166.08,70.24,Moderately Active,25.47,Overweight,Y,Y
707,436.0,2026-03-15,34,Female,156.28,68.68,Moderately Active,28.12,Overweight,Y,N
708,11.0,2026-03-27,33,Female,158.56,45.71,Sedentary,18.18,Underweight,N,N
709,,2026-06-02,44,Male,165.98,65.1,Extra Active,23.63,Normal,N,N
710,447.0,2026-06-03,40,Male,155.95,54.62,Moderately Active,22.46,Normal,N,N
711,,2026-04-05,31,Female,160.11,40.0,Very Active,15.6,Underweight,Y,N
712,197.0,2026-01-16,22,Female,169.96,53.78,Moderately Active,18.62,Normal,N,N
713,,2026-04-25,27,Male,158.19,78.11,Moderately Active,31.21,Obese,N,N
714,254.0,2026-04-26,46,Male,164.03,55.22,Moderately Active,20.52,Normal,Y,Y
715,,2026-04-06,35,Female,160.14,58.34,Moderately Active,22.75,Normal,N,N
716,23.0,2026-01-31,36,Male,165.55,65.64,Sedentary,23.95,Normal,Y,N
717,179.0,2026-03-15,27,Male,173.69,75.51,Moderately Active,25.03,Overweight,Y,Y
718,,2026-05-04,33,Male,158.52,73.04,Moderately Active,29.07,Overweight,N,N
719,,2026-05-07,19,Male,161.6,56.64,Sedentary,21.69,Normal,Y,N
720,333.0,2026-04-04,39,Female,166.01,67.66,Moderately Active,24.55,Normal,Y,N
721,470.0,2026-05-26,37,Male,179.54,54.09,Moderately Active,16.78,Underweight,Y,N
722,296.0,2026-01-28,34,Male,164.84,59.84,Moderately Active,22.02,Normal,Y,Y
723,403.0,2026-04-18,39,Male,171.82,81.65,Moderately Active,27.66,Overweight,Y,Y
724,243.0,2026-03-26,27,Male,170.46,68.45,Lightly Active,23.56,Normal,Y,Y
725,494.0,2026-02-13,19,Female,159.54,62.73,Very Active,24.65,Normal,N,N
726,233.0,2026-06-09,34,Male,163.69,71.01,Moderately Active,26.5,Overweight,N,N
727,142.0,2026-02-01,37,Female,155.06,65.83,Very Active,27.38,Overweight,Y,N
728,,2026-05-06,27,Male,176.2,62.48,Sedentary,20.12,Normal,N,N
729,218.0,2026-02-20,41,Male,171.19,66.2,Very Active,22.59,Normal,Y,Y
730,,2026-01-29,41,Male,164.69,94.73,Moderately Active,34.93,Obese,Y,Y
731,7.0,2026-05-08,24,Male,169.9,82.47,Very Active,28.57,Overweight,Y,N
732,,2026-01-15,21,Male,170.32,82.6,Lightly Active,28.47,Overweight,N,N
733,,2026-05-23,39,Female,172.62,68.8,Lightly Active,23.09,Normal,Y,Y
734,51.0,2026-06-09,40,Male,163.8,65.91,Extra Active,24.57,Normal,Y,Y
735,,2026-04-22,41,Female,153.65,70.16,Very Active,29.72,Overweight,Y,Y
736,,2026-05-23,45,Female,167.69,75.62,Extra Active,26.89,Overweight,Y,Y
737,,2026-04-06,31,Male,179.47,55.7,Very Active,17.29,Underweight,Y,Y
738,,2026-06-29,48,Female,158.91,56.86,Extra Active,22.52,Normal,Y,Y
739,,2026-05-11,44,Female,157.37,67.41,Sedentary,27.22,Overweight,Y,Y
740,,2026-01-02,40,Female,168.53,65.88,Lightly Active,23.2,Normal,Y,Y
741,,2026-01-08,23,Female,157.3,59.78,Moderately Active,24.16,Normal,Y,N
742,,2026-03-17,21,Female,163.27,47.83,Lightly Active,17.94,Underweight,Y,N
743,429.0,2026-03-26,41,Male,161.52,73.83,Moderately Active,28.3,Overweight,Y,N
744,437.0,2026-01-24,28,Female,146.65,58.17,Moderately Active,27.05,Overweight,N,N
745,435.0,2026-02-27,32,Male,159.75,63.92,Lightly Active,25.05,Overweight,Y,Y
746,352.0,2026-06-07,20,Female,146.5,40.0,Moderately Active,18.64,Normal,Y,Y
747,440.0,2026-06-21,22,Male,164.88,60.93,Moderately Active,22.41,Normal,Y,Y
748,112.0,2026-05-20,50,Male,168.91,88.53,Lightly Active,31.03,Obese,Y,N
749,,2026-01-09,23,Female,157.05,41.31,Lightly Active,16.75,Underweight,N,N
750,,2026-06-02,30,Female,168.07,52.5,Sedentary,18.59,Normal,N,N
751,420.0,2026-02-14,31,Female,150.01,87.4,Sedentary,38.84,Obese,N,N
752,133.0,2026-01-09,21,Female,151.1,64.62,Moderately Active,28.3,Overweight,Y,N
753,69.0,2026-02-25,33,Female,158.52,53.49,Extra Active,21.29,Normal,Y,Y
754,286.0,2026-05-31,49,Female,154.98,58.16,Sedentary,24.21,Normal,N,N
755,,2026-05-20,33,Female,145.0,57.52,Moderately Active,27.36,Overweight,Y,Y
756,380.0,2026-06-17,28,Female,158.34,55.71,Extra Active,22.22,Normal,N,N
757,223.0,2026-05-16,31,Female,163.13,62.67,Lightly Active,23.55,Normal,Y,N
758,,2026-05-14,46,Female,169.4,40.0,Sedentary,13.94,Underweight,N,N
759,,2026-04-21,46,Male,174.99,45.63,Moderately Active,14.9,Underweight,N,N
760,,2026-02-04,35,Female,156.17,60.47,Moderately Active,24.79,Normal,Y,N
761,134.0,2026-05-12,37,Female,162.07,64.79,Moderately Active,24.67,Normal,N,N
762,155.0,2026-04-14,29,Male,167.85,76.73,Moderately Active,27.23,Overweight,Y,N
763,116.0,2026-04-16,27,Female,158.28,54.83,Lightly Active,21.89,Normal,Y,N
764,,2026-04-29,34,Female,145.0,50.98,Moderately Active,24.25,Normal,Y,Y
765,139.0,2026-05-07,28,Male,181.25,75.03,Moderately Active,22.84,Normal,N,N
766,29.0,2026-04-24,33,Male,176.48,40.0,Moderately Active,12.84,Underweight,Y,Y
767,,2026-06-24,23,Male,182.83,50.95,Moderately Active,15.24,Underweight,Y,Y
768,79.0,2026-03-11,37,Male,179.13,65.55,Moderately Active,20.43,Normal,N,N
769,119.0,2026-05-15,42,Female,159.91,44.88,Moderately Active,17.55,Underweight,Y,Y
770,314.0,2026-04-09,34,Male,168.9,52.78,Very Active,18.5,Normal,Y,Y
771,477.0,2026-03-05,39,Male,161.48,79.33,Sedentary,30.42,Obese,Y,Y
772,191.0,2026-04-14,45,Female,171.37,54.1,Lightly Active,18.42,Underweight,Y,Y
773,482.0,2026-01-03,35,Female,155.76,40.0,Extra Active,16.49,Underweight,Y,Y
774,,2026-05-23,18,Male,177.76,85.76,Extra Active,27.14,Overweight,Y,N
775,,2026-05-31,35,Male,165.53,57.46,Lightly Active,20.97,Normal,Y,N
776,436.0,2026-02-01,22,Male,165.5,63.64,Moderately Active,23.23,Normal,N,N
777,70.0,2026-05-28,26,Male,180.56,80.23,Very Active,24.61,Normal,N,N
778,139.0,2026-03-10,26,Female,156.14,57.52,Lightly Active,23.59,Normal,N,N
779,18.0,2026-01-14,29,Male,164.81,67.41,Lightly Active,24.82,Normal,N,N
780,289.0,2026-06-30,49,Female,158.0,93.73,Moderately Active,37.55,Obese,Y,Y
781,478.0,2026-06-22,42,Male,174.43,66.41,Moderately Active,21.83,Normal,Y,N
782,49.0,2026-05-06,44,Female,170.76,59.34,Very Active,20.35,Normal,Y,N
783,,2026-05-07,38,Female,152.11,47.75,Moderately Active,20.64,Normal,Y,N
784,193.0,2026-03-26,34,Male,172.2,75.11,Lightly Active,25.33,Overweight,Y,N
785,83.0,2026-06-22,38,Male,168.13,71.39,Very Active,25.25,Overweight,Y,N
786,,2026-04-28,41,Female,160.72,72.16,Moderately Active,27.94,Overweight,Y,N
787,405.0,2026-01-14,18,Female,157.79,60.2,Very Active,24.18,Normal,Y,Y
788,435.0,2026-04-12,26,Male,166.42,64.62,Moderately Active,23.33,Normal,Y,N
789,188.0,2026-03-08,45,Female,168.3,52.4,Moderately Active,18.5,Normal,Y,Y
790,,2026-02-24,34,Female,157.88,62.92,Extra Active,25.24,Overweight,Y,N
791,,2026-04-30,28,Female,163.21,70.23,Sedentary,26.37,Overweight,N,N
792,108.0,2026-04-22,34,Male,174.9,84.25,Lightly Active,27.54,Overweight,Y,Y
793,,2026-02-15,34,Male,167.47,64.62,Sedentary,23.04,Normal,N,N
794,60.0,2026-06-25,23,Female,164.59,44.23,Moderately Active,16.33,Underweight,N,N
795,433.0,2026-01-26,47,Male,176.35,69.1,Very Active,22.22,Normal,N,N
796,114.0,2026-03-25,33,Female,153.53,64.53,Sedentary,27.38,Overweight,N,N
797,475.0,2026-06-21,40,Female,148.94,70.18,Extra Active,31.64,Obese,N,N
798,66.0,2026-04-15,39,Female,145.15,68.35,Lightly Active,32.44,Obese,Y,Y
799,234.0,2026-03-23,32,Female,164.48,62.53,Very Active,23.11,Normal,N,N
800,413.0,2026-05-20,21,Female,163.18,64.37,Sedentary,24.17,Normal,Y,Y
