customer_id,customer_firstname,customer_lastname,phone_number,email_address,gender,dob,city,pincode,main_address,delivery_address,meal_preference,signup_date,acquisition_channel
1,Aachal,Modi,9230307805,aachal1@gmail.com,Female,1988-07-12,Muzaffarnagar,251003,"77, Vaidya Ganj, Gulbarga-489513","200, Soman Ganj, Sirsa 936763",Non-Veg,2026-06-25,WhatsApp
2,Falak,Ahluwalia,9816806128,falak2@gmail.com,Female,2005-06-28,Muzaffarnagar,251003,"287, Krish Nagar, Sirsa 788957","774, Malhotra Ganj, Mathura-714345",Veg,2026-06-13,WhatsApp
3,Nathaniel,Zachariah,9440696084,nathaniel3@gmail.com,Male,1982-10-02,Meerut,250001,"23, Sachdeva Zila, Bathinda-603669","05, Ramakrishnan Road, Siwan 734670",Non-Veg,2026-05-05,Organic Search
4,Saumya,Nayar,9757830420,saumya4@gmail.com,Female,1999-03-23,Meerut,250002,"29, Bala Circle, Guntakal-162720","H.No. 37, Nazareth Path, Alwar 417080",Veg,2026-03-29,Gym Referral
5,Pushti,Kapur,9558209399,pushti5@gmail.com,Female,1998-09-13,Meerut,250004,"309, Khare Street, Bhalswa Jahangir Pur 937452","H.No. 19, Muni Nagar, Sikar 193149",Veg,2026-02-21,Gym Referral
6,Darpan,Barman,9270894498,darpan6@gmail.com,Male,1990-03-20,Saharanpur,247232,"H.No. 850, Suri Marg, Bhiwani-726284","94, Korpal Path, Alwar-379965",Veg,2026-06-26,Gym Referral
7,Akshay,Talwar,9378304807,akshay7@gmail.com,Male,2004-04-27,Saharanpur,247001,"545, Majumdar Road, Hazaribagh-136783","01, Kant Road, Latur-957885",Veg,2026-05-03,Gym Referral
8,Unnati,Narayanan,9397760792,unnati8@gmail.com,Female,1990-05-06,Haridwar,249401,"H.No. 43, Hans Zila, Jamshedpur-337498","435, Mittal Street, Deoghar 400842",Veg,2026-05-02,Gym Referral
9,Yatan,Chauhan,9772966010,yatan9@gmail.com,Male,2004-12-06,Saharanpur,247232,"75, Behl Street, Morena 167190","41/31, Saha Circle, Nagaon-774964",Veg,2026-05-05,Instagram
10,Ayushman,Chaudhary,9866162966,ayushman10@gmail.com,Male,2007-01-11,Saharanpur,247001,"H.No. 12, Ghose Ganj, Sangli-Miraj & Kupwad-679740","47/134, Hora, Raipur-242102",Non-Veg,2026-02-06,Instagram
11,Mitesh,Mani,9443285529,mitesh11@gmail.com,Male,1992-10-16,Saharanpur,247002,"64/887, Buch Chowk, Bhiwani-940139","02/78, Mall Chowk, Bhimavaram 717565",Veg,2026-03-06,Gym Referral
12,Oeshi,Cheema,9261953189,oeshi12@gmail.com,Female,2004-07-06,Saharanpur,247002,"74/680, Chakrabarti Chowk, Nizamabad 168087","859, Sathe Chowk, Kurnool-824771",Veg,2026-03-12,Instagram
13,Amrita,Khatri,9858511779,amrita13@gmail.com,Female,2000-05-14,Haridwar,249401,"61/31, Dalal Chowk, Panchkula 846773","39, Deshpande Circle, Bally-584044",Non-Veg,2026-06-15,Instagram
14,Wishi,Dixit,9455281184,wishi14@gmail.com,Female,1992-12-30,Saharanpur,247002,"H.No. 88, Shah Marg, Maheshtala-963605","27, Date Nagar, Salem-187026",Non-Veg,2026-03-24,WhatsApp
15,Faras,Borde,9322086735,faras15@gmail.com,Male,1993-08-22,Saharanpur,247232,"61/58, Nadig Marg, Hosur 913431","17/240, Nair Nagar, Durg-562386",Non-Veg,2026-03-26,Gym Referral
16,Hemangini,Garde,9926561919,hemangini16@gmail.com,Female,1985-05-25,Saharanpur,247001,"92, Shenoy Ganj, Jaunpur-074821","46/47, Issac Road, Karawal Nagar-369594",Non-Veg,2026-06-06,WhatsApp
17,Manbir,Bains,9922050912,manbir17@gmail.com,Male,2007-11-17,Muzaffarnagar,251003,"H.No. 909, Mangat Chowk, Medininagar-339421","09, Deep Path, Sagar 623285",Veg,2026-03-04,WhatsApp
18,Zashil,Mahajan,9477698143,zashil18@gmail.com,Male,2003-10-01,Saharanpur,247001,"H.No. 51, Borra Chowk, Kamarhati 851604","H.No. 49, Prabhu Marg, Muzaffarpur 098593",Veg,2026-04-02,Instagram
19,Azad,Shetty,9997356828,azad19@gmail.com,Male,2005-12-16,Saharanpur,247001,"H.No. 200, Tailor Road, Jalandhar 826758","17, Reddy, Patna-377351",Non-Veg,2026-05-28,Instagram
20,Raksha,Parmer,9686405096,raksha20@gmail.com,Female,1982-03-11,Meerut,250002,"H.No. 713, Bail, Thoothukudi 293183","H.No. 29, Malhotra Nagar, Bikaner-210205",Veg,2026-03-20,Gym Referral
21,Jagat,Naik,9624232414,jagat21@gmail.com,Male,1980-12-08,Dehradun,248003,"681, Soni Zila, Mirzapur 783908","00/766, Swaminathan Zila, Srinagar 592124",Non-Veg,2026-04-16,Instagram
22,Nicholas,Raj,9131165166,nicholas22@gmail.com,Male,2008-05-06,Saharanpur,247003,"96/11, Kale Circle, Bidhannagar 657661","H.No. 45, Som Street, Mysore 161528",Non-Veg,2026-05-14,Instagram
23,Ayushman,Narayan,9956998797,ayushman23@gmail.com,Male,1999-04-04,Roorkee,247661,"60/494, Chawla Path, Bhatpara-315851","89, Bal, Bhopal 445502",Veg,2026-04-23,Instagram
24,Eshana,Rattan,9601856351,eshana24@gmail.com,Female,1982-06-11,Saharanpur,247002,"83/667, Dugar Path, Bijapur 991022","H.No. 76, Sathe Chowk, Darbhanga 815614",Non-Veg,2026-03-08,Organic Search
25,Yagnesh,Vyas,9673510887,yagnesh25@gmail.com,Male,1999-03-05,Dehradun,248002,"90, Jayaraman Nagar, Rajpur Sonarpur 445107","683, Pandya Circle, Sikar-607159",Veg,2026-06-27,Instagram
26,Tanish,Ravel,9706011277,tanish26@gmail.com,Male,2000-05-12,Saharanpur,247001,"H.No. 605, Sharma Street, Hubli–Dharwad-136968","H.No. 53, Ganguly Path, Sasaram 883552",Non-Veg,2026-03-01,WhatsApp
27,Jacob,Chauhan,9560219456,jacob27@gmail.com,Male,1984-08-05,Saharanpur,247004,"21/27, Sen Chowk, Satna-717744","14/77, Bhandari Nagar, Baranagar 199867",Non-Veg,2026-06-24,Instagram
28,Ansh,Sengupta,9153992714,ansh28@gmail.com,Male,2005-12-12,Saharanpur,247004,"78/20, Chauhan Chowk, Guwahati-037788","H.No. 46, Nigam Marg, Thanjavur-518644",Veg,2026-05-31,Instagram
29,Falguni,Nath,9588229686,falguni29@gmail.com,Female,1982-10-11,Saharanpur,247003,"H.No. 62, Chad, Karaikudi-528168","H.No. 42, Om Ganj, Nellore 221418",Veg,2026-03-09,Instagram
30,Anirudh,Nayar,9507083673,anirudh30@gmail.com,Male,2005-01-12,Meerut,250004,"229, Sarma Street, Bulandshahr-379473","35, Sastry, Ichalkaranji-886239",Non-Veg,2026-04-30,Instagram
31,Ekantika,Krishna,9552651788,ekantika31@gmail.com,Female,1981-12-15,Muzaffarnagar,251001,"18/14, Dyal Zila, Hospet-613750","85, Raju Ganj, Dindigul-051522",Non-Veg,2026-03-11,Instagram
32,Anirudh,Mangat,9120812641,anirudh32@gmail.com,Male,2006-03-08,Saharanpur,247002,"77/901, Kunda Nagar, Jalgaon-143410","97/117, Wason, Kottayam-246095",Veg,2026-04-04,Gym Referral
33,Jai,Saha,9475767056,jai33@gmail.com,Male,1985-09-27,Saharanpur,247002,"H.No. 888, Bahri Circle, Nandyal 654051","19/520, Nigam Path, Madhyamgram 221704",Non-Veg,2026-06-19,Instagram
34,Isha,Bassi,9799816232,isha34@gmail.com,Female,2002-08-24,Saharanpur,247001,"H.No. 86, Solanki Circle, Vadodara 450541","76, Grover Path, Mehsana 841616",Veg,2026-06-25,Instagram
35,Gautam,Memon,9365518424,gautam35@gmail.com,Male,1989-06-28,Saharanpur,247004,"44/796, Sawhney Street, Amroha 596401","20/29, Banerjee Chowk, Jabalpur-556909",Non-Veg,2026-06-10,Instagram
36,Faraj,Sengupta,9263619298,faraj36@gmail.com,Male,2007-01-23,Saharanpur,247232,"H.No. 928, Rao Path, Alwar 102786","H.No. 73, Mangal, Kollam 217271",Veg,2026-06-03,Instagram
37,Nathaniel,Palan,9222824732,nathaniel37@gmail.com,Male,2000-05-12,Saharanpur,247004,"258, Dara Ganj, Kolhapur 705895","11/46, Vora Chowk, Alappuzha-251778",Veg,2026-06-16,WhatsApp
38,Pooja,Dave,9851044796,pooja38@gmail.com,Female,2005-01-28,Saharanpur,247001,"80, Vasa Zila, Avadi-253584","842, Walla Road, Ambala 992299",Veg,2026-05-21,Instagram
39,Om,Barman,9750572325,om39@gmail.com,Male,2003-08-08,Saharanpur,247002,"H.No. 943, Saha, Mehsana 473647","767, Jani Chowk, Medininagar 555625",Non-Veg,2026-06-08,WhatsApp
40,Yasti,Cherian,9222978730,yasti40@gmail.com,Female,1989-06-06,Roorkee,247661,"H.No. 73, Chatterjee Street, Ramagundam-963259","787, Morar Chowk, Lucknow 687339",Veg,2026-05-29,Gym Referral
41,Qushi,Bava,9433975497,qushi41@gmail.com,Female,1981-11-28,Saharanpur,247003,"H.No. 80, Sankar Zila, Bilaspur-650609","41/68, Mammen Chowk, Warangal-655852",Veg,2026-06-20,Instagram
42,Ira,Upadhyay,9434961542,ira42@gmail.com,Female,1991-09-25,Saharanpur,247232,"H.No. 257, Shan Circle, Medininagar 595269","88/79, Soman Road, Arrah 169409",Veg,2026-03-26,WhatsApp
43,Warjas,Lanka,9502982778,warjas43@gmail.com,Male,2007-07-29,Haridwar,249402,"72/89, Divan Marg, Patna-307562","89, Bhatia Chowk, Kadapa-857865",Non-Veg,2026-04-10,Instagram
44,Harini,Sharaf,9181600593,harini44@gmail.com,Female,2006-01-13,Dehradun,248002,"49/733, Misra Road, Bihar Sharif 375758","H.No. 986, Pai Marg, Ramagundam 415747",Non-Veg,2026-02-18,WhatsApp
45,Hredhaan,Jaggi,9360757540,hredhaan45@gmail.com,Male,2003-09-05,Dehradun,248001,"199, Kibe Ganj, Bettiah 301657","H.No. 826, Sood Chowk, Tumkur 401938",Veg,2026-03-31,Instagram
46,Anirudh,Gill,9834717549,anirudh46@gmail.com,Male,1992-03-12,Muzaffarnagar,251001,"72, Barad Road, Bihar Sharif-547887","H.No. 31, Gaba Path, Bardhaman-054932",Veg,2026-03-07,WhatsApp
47,Samaksh,Sane,9707665448,samaksh47@gmail.com,Male,1994-12-03,Saharanpur,247004,"12/275, Ahuja Ganj, Yamunanagar 745499","53/017, Dutta Road, Ambala 145933",Veg,2026-05-25,Gym Referral
48,Ekalinga,Sridhar,9559967386,ekalinga48@gmail.com,Male,1984-10-13,Saharanpur,247001,"87/833, Bumb, Dehri 191088","587, Jha Zila, Mysore-072867",Non-Veg,2026-04-13,WhatsApp
49,Barkha,Shere,9795294275,barkha49@gmail.com,Female,1999-05-02,Saharanpur,247232,"40, Bora Ganj, Bhusawal 180170","265, Sen Marg, Gandhinagar 825128",Veg,2026-03-14,Instagram
50,Ronith,Wadhwa,9982971099,ronith50@gmail.com,Male,1984-01-23,Muzaffarnagar,251002,"H.No. 478, Wali Marg, Berhampur-752431","03/31, Bandi Zila, Khora  306738",Non-Veg,2026-06-11,WhatsApp
51,Ikbal,Bhalla,9488896443,ikbal51@gmail.com,Male,1984-06-02,Saharanpur,247003,"95/995, Mittal Ganj, Saharsa 644089","70/56, Nagar Circle, Alappuzha-462873",Non-Veg,2026-06-26,WhatsApp
52,Isaiah,Mital,9859466878,isaiah52@gmail.com,Male,2004-07-04,Meerut,250002,"H.No. 866, Wagle Circle, Munger-435175","H.No. 469, Baral, Maheshtala 735403",Non-Veg,2026-06-20,Instagram
53,Girish,Dalal,9660221300,girish53@gmail.com,Male,2001-05-29,Saharanpur,247003,"93/638, Mandal Path, Kirari Suleman Nagar-445877","H.No. 35, Sachdev Path, Phusro 204899",Veg,2026-06-15,Organic Search
54,Sathvik,Merchant,9967797300,sathvik54@gmail.com,Male,1984-10-05,Saharanpur,247004,"93, Nazareth Chowk, Unnao 725228","08/01, Ahuja Nagar, Durgapur-120387",Non-Veg,2026-03-17,Organic Search
55,Rachit,Bhasin,9599154414,rachit55@gmail.com,Male,1997-10-17,Meerut,250001,"H.No. 088, Arora Marg, Bettiah-840862","23/39, Krishnan Circle, Shimoga 156793",Veg,2026-04-05,Instagram
56,Jeevika,Mital,9388187517,jeevika56@gmail.com,Female,1999-08-25,Dehradun,248002,"H.No. 666, Soni Circle, Bangalore 176591","974, Borde Nagar, Tinsukia 250392",Veg,2026-04-01,Instagram
57,Rushil,Bose,9193053577,rushil57@gmail.com,Male,1988-11-15,Saharanpur,247232,"85/621, Pal Circle, Navi Mumbai-315999","H.No. 477, Parekh Ganj, Bhiwani-961943",Veg,2026-03-29,Instagram
58,Balhaar,Butala,9905817775,balhaar58@gmail.com,Male,1987-12-31,Saharanpur,247232,"65/511, Morar Nagar, Karimnagar-121267","H.No. 158, Nair Zila, Ahmedabad-661839",Veg,2026-04-16,WhatsApp
59,Frado,Rai,9506936666,frado59@gmail.com,Male,1985-03-29,Haridwar,249402,"H.No. 72, Ganesh Zila, Bally 471543","12, Ahuja Road, Thoothukudi-575692",Veg,2026-03-18,Instagram
60,Mason,Nagi,9448981305,mason60@gmail.com,Male,1997-05-21,Saharanpur,247004,"H.No. 26, Manne Path, Ramgarh-564651","80/737, Biswas Road, Panchkula-434266",Non-Veg,2026-06-27,Instagram
61,Bina,Sen,9956665975,bina61@gmail.com,Female,2008-03-26,Saharanpur,247232,"86/80, Yadav Path, Moradabad-529096","H.No. 014, Uppal Ganj, Amroha 679825",Non-Veg,2026-03-21,Instagram
62,Amaira,Subramanian,9740116562,amaira62@gmail.com,Female,1983-06-04,Saharanpur,247001,"H.No. 254, Shah Path, Saharsa-571775","H.No. 105, Gala Zila, Hazaribagh 825867",Veg,2026-04-11,Gym Referral
63,Jack,Ravel,9110899674,jack63@gmail.com,Male,1998-02-16,Saharanpur,247002,"09, Sengupta Ganj, Pali-334191","H.No. 37, Lala Zila, Dehri-969691",Non-Veg,2026-05-06,WhatsApp
64,Owen,Pandey,9359154084,owen64@gmail.com,Male,2004-03-03,Saharanpur,247003,"91/25, Khare Zila, Bhiwandi-528669","27, Ghose Circle, Unnao-225790",Non-Veg,2026-03-29,Gym Referral
65,Praneel,Andra,9914073098,praneel65@gmail.com,Male,1994-01-24,Saharanpur,247004,"87/67, Sawhney Marg, Rourkela-903404","797, Vaidya Circle, Chapra-485807",Non-Veg,2026-03-31,Instagram
66,Ikbal,Sandal,9864334960,ikbal66@gmail.com,Male,1983-05-13,Saharanpur,247002,"H.No. 745, Sarna Zila, Patiala-959629","095, Mand Circle, North Dumdum-494812",Non-Veg,2026-02-04,WhatsApp
67,Tripti,Bhargava,9199915275,tripti67@gmail.com,Female,2008-04-14,Dehradun,248002,"253, Suri Marg, Gangtok-667116","75, Agate, Berhampore 186363",Veg,2026-06-06,Instagram
68,Yachana,Loyal,9361246928,yachana68@gmail.com,Female,1989-07-14,Saharanpur,247232,"92/97, Bava Path, Navi Mumbai 012770","24/241, Krishna Path, Serampore-064361",Non-Veg,2026-05-23,Instagram
69,Champak,Agarwal,9608159580,champak69@gmail.com,Male,1986-06-21,Meerut,250001,"38/70, Oza Nagar, Bhusawal 713611","H.No. 42, Deol Marg, Coimbatore 927532",Veg,2026-05-12,WhatsApp
70,Tripti,Savant,9900942073,tripti70@gmail.com,Female,2004-07-28,Saharanpur,247232,"196, Sanghvi Path, Kolhapur 413899","43/898, Ramanathan Ganj, Meerut 761379",Non-Veg,2026-04-02,WhatsApp
71,Bimala,Wable,9587205269,bimala71@gmail.com,Female,2005-05-18,Saharanpur,247004,"H.No. 26, Salvi, Bongaigaon 710910","H.No. 068, Thaker Road, Bhusawal 188924",Veg,2026-03-26,Instagram
72,Benjamin,Mukherjee,9229553265,benjamin72@gmail.com,Male,1982-09-16,Saharanpur,247002,"56/91, Sarkar Road, Howrah-161799","21/020, Taneja Street, Nagaon 252410",Veg,2026-05-22,Gym Referral
73,Oliver,Sanghvi,9897662466,oliver73@gmail.com,Male,1988-02-10,Saharanpur,247003,"91/778, Bhakta Path, Tezpur 524191","H.No. 030, Patla Chowk, Jalgaon-086353",Non-Veg,2026-05-29,WhatsApp
74,Turvi,Nagarajan,9298803134,turvi74@gmail.com,Female,1988-02-03,Muzaffarnagar,251002,"H.No. 802, Varty Ganj, Rewa 744518","H.No. 34, Modi, Madhyamgram-973832",Veg,2026-05-12,Instagram
75,Aarini,Rout,9396889215,aarini75@gmail.com,Female,1981-03-01,Roorkee,247667,"H.No. 06, Chawla Road, Bettiah 670241","65/71, Chandran, Singrauli 990623",Veg,2026-06-26,Gym Referral
76,Mugdha,Lal,9663324548,mugdha76@gmail.com,Female,2004-04-27,Dehradun,248001,"H.No. 74, Borde Ganj, Bhavnagar-212775","53/74, Lanka Chowk, Mysore-490352",Veg,2026-05-22,WhatsApp
77,Chakradev,Kothari,9994027897,chakradev77@gmail.com,Male,2007-08-11,Meerut,250002,"44/206, Krish Chowk, Surendranagar Dudhrej-210032","H.No. 19, Lad, Lucknow-372151",Non-Veg,2026-04-02,Instagram
78,Ansh,Shenoy,9292673892,ansh78@gmail.com,Male,1981-11-29,Saharanpur,247004,"06, Gera Marg, Kakinada-447209","68, Bhat Chowk, Parbhani-263838",Veg,2026-06-14,Instagram
79,Adya,Raja,9235917419,adya79@gmail.com,Female,2002-05-22,Dehradun,248003,"75/98, Rama Path, Bokaro 593040","32/13, Lata Ganj, Muzaffarnagar-522395",Non-Veg,2026-05-31,Instagram
80,Rachita,Bala,9694164665,rachita80@gmail.com,Female,2000-03-11,Dehradun,248003,"37/84, Swaminathan Street, Mysore 393087","32/52, Bhargava Path, Siliguri 185156",Non-Veg,2026-05-14,Instagram
81,Chandresh,Nayar,9784907325,chandresh81@gmail.com,Male,1988-12-11,Muzaffarnagar,251001,"67/528, Parikh, Giridih-644220","959, Chawla Ganj, Ajmer-135521",Veg,2026-06-28,Gym Referral
82,Oviya,Sekhon,9113169872,oviya82@gmail.com,Female,1980-10-24,Saharanpur,247001,"15/410, Raju Nagar, Gurgaon-676586","32/71, Menon Nagar, Imphal 115262",Non-Veg,2026-02-25,WhatsApp
83,Bishakha,Chander,9572949775,bishakha83@gmail.com,Female,1989-12-16,Saharanpur,247004,"29, Dugar Marg, Salem-336884","106, Swaminathan, Meerut 061497",Non-Veg,2026-06-17,Instagram
84,Irya,Chatterjee,9371096600,irya84@gmail.com,Female,1981-03-20,Dehradun,248003,"H.No. 714, Sinha Marg, Bilaspur-862565","H.No. 477, Kara Road, Phusro-211586",Veg,2026-02-13,Organic Search
85,Ishaan,Bhat,9982739959,ishaan85@gmail.com,Male,2004-01-14,Saharanpur,247001,"37/41, Banerjee Marg, Jamshedpur-223320","63/294, Bhavsar Path, Munger-854870",Non-Veg,2026-05-09,Instagram
86,Yutika,Saini,9719571745,yutika86@gmail.com,Female,1983-08-24,Saharanpur,247001,"99/11, Chaudhuri, Jorhat-646799","462, Ratti, Tenali-307450",Veg,2026-05-25,WhatsApp
87,Om,Mitter,9260199682,om87@gmail.com,Male,1989-03-15,Saharanpur,247003,"247, Luthra Path, Mahbubnagar-373678","21/48, Deshmukh Marg, Malegaon 303070",Veg,2026-06-13,Gym Referral
88,Pranit,Issac,9191462297,pranit88@gmail.com,Male,1988-03-01,Dehradun,248003,"10/357, Sehgal, Bhalswa Jahangir Pur-524140","933, Jhaveri Ganj, Alappuzha-072290",Veg,2026-04-19,Organic Search
89,Jasmit,Krishnan,9920814900,jasmit89@gmail.com,Female,1997-07-12,Saharanpur,247002,"65, Krishnan Chowk, Kirari Suleman Nagar 896910","H.No. 17, Nayar Zila, Anantapur 443283",Non-Veg,2026-05-11,Instagram
90,Barkha,Raval,9764021648,barkha90@gmail.com,Female,1998-12-28,Dehradun,248002,"74/466, Banik Marg, Tiruvottiyur-875842","H.No. 724, Goswami Circle, Hubli–Dharwad-534655",Veg,2026-03-02,Instagram
91,Kalpit,Menon,9583736219,kalpit91@gmail.com,Male,1993-06-24,Saharanpur,247003,"H.No. 999, Sodhi Zila, Orai 684602","H.No. 69, Dhar Chowk, Bokaro-752500",Veg,2026-04-04,Organic Search
92,Upkaar,Mahal,9731924051,upkaar92@gmail.com,Male,1986-05-11,Saharanpur,247004,"12, Saraf, Sambhal-760083","H.No. 83, Agrawal Nagar, Kamarhati 421689",Non-Veg,2026-06-27,Organic Search
93,Michael,Ganesh,9766823010,michael93@gmail.com,Male,1982-04-28,Saharanpur,247232,"H.No. 78, Viswanathan, Raebareli 575326","230, Thaman, Amravati 064890",Non-Veg,2026-02-22,Instagram
94,Arunima,Chokshi,9206551233,arunima94@gmail.com,Female,1998-10-18,Muzaffarnagar,251003,"16/761, Krishnan Circle, Jamnagar 046184","H.No. 891, Comar Road, Mehsana-934835",Veg,2026-04-18,Organic Search
95,Tara,Merchant,9326586581,tara95@gmail.com,Female,1984-12-26,Saharanpur,247003,"75/300, Choudhry Zila, Jalgaon-811437","01, Baral Street, Karimnagar 611002",Veg,2026-05-03,Instagram
96,Harinakshi,Narasimhan,9357553274,harinakshi96@gmail.com,Female,1990-07-04,Saharanpur,247232,"15/521, Ratta Marg, Darbhanga-762120","97, Sarma, Phagwara-590277",Veg,2026-06-28,Instagram
97,Dayita,Sabharwal,9102873038,dayita97@gmail.com,Female,1992-10-31,Saharanpur,247001,"50/899, Nigam Ganj, Bhiwani 756289","28/772, Swamy Zila, New Delhi 408386",Veg,2026-01-27,Instagram
98,Saksham,Keer,9604564682,saksham98@gmail.com,Male,1982-09-14,Roorkee,247661,"H.No. 775, Tank Zila, Kota-608801","75/503, Narula Chowk, Bharatpur 113055",Veg,2026-05-19,Instagram
99,Mugdha,Vig,9859088046,mugdha99@gmail.com,Female,1990-12-18,Saharanpur,247003,"726, Kumar Zila, Maheshtala 637351","91/779, Desai Circle, Kolkata-869782",Non-Veg,2026-06-27,Instagram
100,Gabriel,Dave,9176428684,gabriel100@gmail.com,Male,1983-05-25,Roorkee,247661,"93, Rao Road, Durg 226984","394, Deo Path, Ambala 158799",Veg,2026-04-29,WhatsApp
101,Turvi,Walla,9945923902,turvi101@gmail.com,Female,1988-07-02,Roorkee,247661,"10/62, Bhalla Nagar, Shimoga-442043","19, Kapur Circle, Patiala 066658",Non-Veg,2026-05-20,Gym Referral
102,Avi,Arya,9963187150,avi102@gmail.com,Male,2001-04-26,Muzaffarnagar,251002,"598, Hegde, Durg-212281","48, De Road, Bhimavaram-057202",Non-Veg,2026-02-14,Organic Search
103,Neel,Behl,9684719405,neel103@gmail.com,Male,2002-02-27,Saharanpur,247232,"85/15, Kannan Circle, Saharsa 826886","355, Memon Path, Tadipatri 801573",Veg,2026-05-29,Instagram
104,Keya,Baral,9385220694,keya104@gmail.com,Female,1999-08-10,Saharanpur,247232,"H.No. 648, Bakshi Road, Kottayam 704358","880, Kade Zila, Khandwa 386120",Veg,2026-02-22,Gym Referral
105,Veda,Narula,9278158234,veda105@gmail.com,Female,1981-07-22,Saharanpur,247002,"481, Kari, Vellore 766506","91/901, Thakkar Path, Ramagundam 914766",Non-Veg,2026-05-17,Gym Referral
106,Amruta,Som,9985021282,amruta106@gmail.com,Female,1984-11-14,Muzaffarnagar,251003,"68/424, Apte Path, Amravati-099688","536, Dhar Circle, Udaipur 943129",Non-Veg,2026-05-29,WhatsApp
107,Avi,Shenoy,9233523720,avi107@gmail.com,Male,1998-07-19,Saharanpur,247002,"14/139, Narayanan Chowk, Warangal 149135","H.No. 94, Dua, Satna-205336",Non-Veg,2026-02-23,WhatsApp
108,Lakshit,Parsa,9532190231,lakshit108@gmail.com,Male,1984-04-03,Saharanpur,247001,"75, Sur Road, Akola 428341","09/96, Kala, Suryapet 887256",Non-Veg,2026-05-01,Organic Search
109,Isaac,Mannan,9630208579,isaac109@gmail.com,Male,1984-03-30,Saharanpur,247002,"H.No. 80, Gandhi Ganj, Amroha 299275","31, Pingle Road, Kalyan-Dombivli 856770",Non-Veg,2026-04-03,Instagram
110,Anusha,Naik,9563887247,anusha110@gmail.com,Female,1983-05-21,Haridwar,249401,"89/26, Pau Marg, Hazaribagh 638655","08/27, Karpe Street, Kottayam-322259",Non-Veg,2026-05-04,Gym Referral
111,Daniel,Karpe,9127772220,daniel111@gmail.com,Male,1992-02-08,Muzaffarnagar,251003,"77, Edwin Ganj, Lucknow 029922","H.No. 242, Ravi Circle, Anantapuram 379772",Veg,2026-06-29,Instagram
112,Imaran,Roy,9997603725,imaran112@gmail.com,Male,1997-04-26,Haridwar,249402,"579, Biswas, Burhanpur-210388","12/79, Barad, Tiruchirappalli-298068",Veg,2026-05-24,Gym Referral
113,Ucchal,Prabhakar,9122275263,ucchal113@gmail.com,Female,2004-12-27,Muzaffarnagar,251003,"65, Chaudhari, Guntur-731498","009, Dalal Circle, Gandhinagar-565126",Veg,2026-04-27,Organic Search
114,Lajita,Lal,9389385259,lajita114@gmail.com,Female,2004-06-07,Roorkee,247667,"46/36, Subramanian Circle, Uluberia-449562","21, Trivedi Ganj, Sonipat 260127",Non-Veg,2026-03-11,WhatsApp
115,Urishilla,Chakrabarti,9288109614,urishilla115@gmail.com,Female,1982-04-16,Roorkee,247661,"H.No. 906, Verma Marg, Kavali-277038","H.No. 988, Gara Ganj, Karimnagar 021465",Non-Veg,2026-05-10,WhatsApp
116,Rudra,Ravi,9398668350,rudra116@gmail.com,Male,1996-11-26,Haridwar,249401,"H.No. 848, Pall, Bally 937690","81, Bora Circle, Mau 848947",Veg,2026-02-26,Instagram
117,Saanvi,Sule,9781594897,saanvi117@gmail.com,Female,2002-01-20,Roorkee,247667,"79/071, Bir Road, Muzaffarnagar 565880","H.No. 16, Borra Path, Fatehpur 539423",Veg,2026-06-15,Gym Referral
118,Yahvi,Iyengar,9604669821,yahvi118@gmail.com,Female,1987-01-26,Dehradun,248003,"333, Parekh, Aligarh-179080","57/94, Goswami Chowk, Sikar-920867",Non-Veg,2026-02-14,Instagram
119,Anamika,Thakkar,9819550381,anamika119@gmail.com,Female,1990-03-21,Saharanpur,247003,"H.No. 875, Arora Nagar, Nadiad-559428","H.No. 79, Pau Path, Panchkula 365564",Non-Veg,2026-06-24,Instagram
120,Varenya,Gole,9542000551,varenya120@gmail.com,Female,1996-06-29,Saharanpur,247003,"43/866, Dhingra Ganj, Bhalswa Jahangir Pur-267288","H.No. 48, Batta, Navi Mumbai 034717",Non-Veg,2026-05-24,WhatsApp
121,Oliver,Lad,9529982328,oliver121@gmail.com,Male,1990-08-08,Saharanpur,247002,"H.No. 615, Issac, Anantapuram 587716","22/569, Ravel, Vijayawada 535544",Non-Veg,2026-06-27,Gym Referral
122,Rudra,Madan,9588365604,rudra122@gmail.com,Male,2005-05-08,Roorkee,247661,"22, Dass Nagar, Chandrapur 326111","H.No. 681, Lala Zila, Guwahati-433472",Non-Veg,2026-06-17,Instagram
123,Dominic,Vyas,9224469868,dominic123@gmail.com,Male,2003-12-22,Saharanpur,247001,"55/778, Saxena Road, Panvel 997968","83, Sathe Zila, Ambarnath 424008",Veg,2026-04-29,Organic Search
124,Ekansh,Padmanabhan,9652543518,ekansh124@gmail.com,Male,1988-07-10,Saharanpur,247001,"40, Master Marg, Chennai 368663","34, Sami Zila, Hazaribagh-484631",Veg,2026-04-30,Gym Referral
125,Gavin,Deshpande,9682605435,gavin125@gmail.com,Male,1988-08-08,Saharanpur,247004,"H.No. 97, Nagi Ganj, Saharanpur-802144","03/120, Kalla Chowk, Bidar-757051",Non-Veg,2026-05-18,WhatsApp
126,Eta,Bhalla,9656670062,eta126@gmail.com,Female,1987-12-16,Saharanpur,247232,"72/34, Arora Marg, Kulti-730371","45, Basak Street, Nizamabad-435031",Veg,2026-06-19,Instagram
127,Jacob,Saraf,9771527524,jacob127@gmail.com,Male,1989-07-31,Muzaffarnagar,251003,"16/30, Soman Nagar, Serampore-327195","H.No. 28, Dass Zila, Muzaffarpur 857306",Veg,2026-05-10,Instagram
128,Rachita,Desai,9386749454,rachita128@gmail.com,Female,1987-07-07,Saharanpur,247001,"78/487, Grover Ganj, North Dumdum 498218","H.No. 48, Setty Path, Guna-209593",Non-Veg,2026-03-30,WhatsApp
129,Naveen,Bhatnagar,9570423569,naveen129@gmail.com,Male,1998-12-05,Roorkee,247667,"78/29, Naidu Road, Pondicherry-181022","H.No. 731, Rama Nagar, Hajipur 053910",Non-Veg,2026-06-24,Gym Referral
130,Hemang,Swamy,9130998324,hemang130@gmail.com,Male,2006-06-28,Saharanpur,247004,"05/865, Lata Nagar, Madurai 138113","839, Sagar Street, Gangtok-761228",Veg,2026-06-12,Organic Search
131,Suhani,Thaman,9356943695,suhani131@gmail.com,Female,1989-12-11,Dehradun,248003,"H.No. 58, Prabhu Path, Chinsurah-939836","76, Banerjee Nagar, Kavali 824043",Veg,2026-04-30,Gym Referral
132,Hredhaan,Murty,9114682844,hredhaan132@gmail.com,Male,1981-02-06,Saharanpur,247002,"H.No. 075, Devi Street, Ambarnath 344196","57/279, Mital Zila, Gangtok-105566",Non-Veg,2026-02-23,WhatsApp
133,Dipta,Karan,9221827951,dipta133@gmail.com,Female,2001-06-06,Saharanpur,247232,"H.No. 480, Zacharia Path, Khammam 206799","46, Deo Street, Gwalior 908641",Veg,2026-05-26,WhatsApp
134,Ryan,Thaker,9993506934,ryan134@gmail.com,Male,1992-08-29,Saharanpur,247002,"83, Rana Chowk, Kishanganj-314659","66/553, Padmanabhan Path, Farrukhabad 597927",Veg,2026-03-06,Instagram
135,Anya,Kaur,9413383963,anya135@gmail.com,Female,1986-02-01,Muzaffarnagar,251003,"11/039, Mani Street, Tiruvottiyur 477053","84/87, Dhaliwal, Gandhinagar-420439",Veg,2026-06-15,WhatsApp
136,Krishna,Bera,9996278008,krishna136@gmail.com,Male,1993-07-07,Saharanpur,247001,"45, Bahl Zila, Kharagpur 681579","878, Baral Nagar, Bettiah 576205",Non-Veg,2026-04-09,WhatsApp
137,Patrick,Pant,9590470737,patrick137@gmail.com,Male,1998-01-01,Saharanpur,247232,"H.No. 460, Mammen Circle, Saharanpur-621689","926, Narayan Road, Hosur-329832",Non-Veg,2026-05-31,WhatsApp
138,Nilima,Viswanathan,9743576792,nilima138@gmail.com,Female,2005-12-18,Saharanpur,247232,"92/518, Dani Circle, Ratlam-056647","122, Loke Nagar, Kavali 305172",Non-Veg,2026-06-03,WhatsApp
139,Yashasvi,Singh,9174958005,yashasvi139@gmail.com,Female,2000-06-06,Roorkee,247667,"77, Gade Street, Kamarhati 604633","797, Shankar Path, Purnia-096569",Veg,2026-05-07,Instagram
140,Anirudh,Verma,9545541033,anirudh140@gmail.com,Male,1983-07-22,Dehradun,248001,"886, Ram Nagar, Jhansi-764472","08/27, Chana Chowk, Bokaro-665702",Non-Veg,2026-04-25,Instagram
141,Utkarsh,Jaggi,9386874458,utkarsh141@gmail.com,Male,2005-03-16,Muzaffarnagar,251003,"H.No. 21, Comar Zila, Mirzapur 868926","592, Dhillon Street, Faridabad-447421",Non-Veg,2026-05-17,Gym Referral
142,Ekaja,Jain,9420571903,ekaja142@gmail.com,Female,1980-08-05,Saharanpur,247004,"77, Ahluwalia Circle, Patiala 977671","49/83, Goyal Nagar, Pimpri-Chinchwad 020994",Veg,2026-05-12,Gym Referral
143,Noah,Chahal,9808605988,noah143@gmail.com,Male,1981-11-13,Roorkee,247661,"499, Goel, Adoni-014556","14/72, Maharaj Zila, Hajipur 833901",Non-Veg,2026-03-07,WhatsApp
144,Caleb,Sule,9678296492,caleb144@gmail.com,Male,2000-10-08,Saharanpur,247003,"54/89, Pandya, Srikakulam 877293","H.No. 107, Johal Zila, Haridwar 558303",Veg,2026-03-18,WhatsApp
145,Lohit,Kumar,9919128302,lohit145@gmail.com,Male,2002-08-15,Saharanpur,247001,"85/01, Om Path, Jehanabad 235577","27, Nayak Circle, Haridwar 849588",Veg,2026-06-11,WhatsApp
146,Aditya,Joshi,9445505799,aditya146@gmail.com,Male,1996-08-30,Saharanpur,247232,"H.No. 240, Prashad Path, Aurangabad 291450","H.No. 735, Mittal Chowk, Loni 215031",Veg,2026-05-30,Gym Referral
147,Tristan,Toor,9356415500,tristan147@gmail.com,Male,1981-03-12,Haridwar,249401,"578, Narang Road, Navi Mumbai-307681","H.No. 915, Batra Chowk, Saharsa 094353",Veg,2026-04-28,WhatsApp
148,Inaya,Mangat,9932734539,inaya148@gmail.com,Female,1988-03-29,Saharanpur,247003,"14/224, Aurora Zila, Tiruppur 854249","H.No. 495, Sawhney Circle, Bikaner-701601",Non-Veg,2026-05-07,Instagram
149,Tanay,Ramanathan,9607854378,tanay149@gmail.com,Male,1985-07-04,Saharanpur,247232,"H.No. 53, Brar Circle, Tezpur-171747","294, Ramanathan Path, Bathinda-770171",Veg,2026-04-22,Gym Referral
150,Pushti,Srinivas,9514548900,pushti150@gmail.com,Female,1993-05-30,Dehradun,248003,"H.No. 99, Trivedi Street, Machilipatnam-581487","938, Subramaniam Street, Amritsar-396695",Veg,2026-04-02,Organic Search
151,Kamya,Ghose,9800100071,kamya151@gmail.com,Female,1999-01-18,Dehradun,248002,"H.No. 997, Chatterjee Path, Belgaum 619196","01/329, Din Nagar, Bidhannagar 699733",Veg,2026-06-20,Organic Search
152,Nitara,Mistry,9139749508,nitara152@gmail.com,Female,1996-06-18,Saharanpur,247004,"51/909, Raval Circle, Durg 580085","H.No. 369, Nadkarni Marg, Machilipatnam 683272",Non-Veg,2026-04-05,Instagram
153,Girindra,Rajagopalan,9456476596,girindra153@gmail.com,Male,2004-02-09,Dehradun,248003,"422, Bora Nagar, Asansol 621267","86, Sengupta Circle, Raichur-269097",Veg,2026-03-16,Gym Referral
154,Jagat,Thaker,9572775194,jagat154@gmail.com,Male,1988-01-13,Dehradun,248003,"H.No. 975, Subramaniam Zila, Ajmer 781891","18/949, Oza Nagar, Nandyal-879565",Non-Veg,2026-04-08,Instagram
155,Manan,Mann,9116479358,manan155@gmail.com,Male,1985-03-09,Dehradun,248001,"H.No. 792, Behl, Indore 712814","44/40, Ghosh Zila, Amroha 243728",Non-Veg,2026-03-04,Gym Referral
156,Anamika,Oza,9803066091,anamika156@gmail.com,Female,2008-01-19,Saharanpur,247001,"66, Sarraf Ganj, Bhagalpur-041027","H.No. 78, Raghavan Ganj, Bhalswa Jahangir Pur-286047",Non-Veg,2026-04-21,Organic Search
157,Sai,Mutti,9939156387,sai157@gmail.com,Female,2007-06-04,Saharanpur,247232,"56/94, Madan Path, Navi Mumbai 967393","H.No. 80, Bir Nagar, Bulandshahr 817534",Veg,2026-06-23,Organic Search
158,Jeremiah,Hans,9843785903,jeremiah158@gmail.com,Male,1981-06-13,Saharanpur,247232,"39/11, De Zila, Buxar 124471","54, Borah Street, Ghaziabad-650442",Veg,2026-06-23,Instagram
159,Urvi,Boase,9452794611,urvi159@gmail.com,Female,1994-04-06,Saharanpur,247232,"712, Sankar Circle, Srikakulam-741011","H.No. 720, Ramakrishnan Nagar, Saharanpur 690877",Veg,2026-05-27,Gym Referral
160,Urmi,Raval,9508031980,urmi160@gmail.com,Female,2004-02-17,Haridwar,249401,"H.No. 671, Wason, Thoothukudi 601585","H.No. 32, Baral Circle, Jhansi 615717",Veg,2026-06-02,Organic Search
161,Ikshita,Dey,9915401487,ikshita161@gmail.com,Female,1981-06-30,Dehradun,248002,"61, Morar Circle, Deoghar 005050","878, Kaul Street, Vadodara-707903",Veg,2026-04-25,WhatsApp
162,Dhruv,Atwal,9762992051,dhruv162@gmail.com,Male,1985-04-26,Saharanpur,247002,"H.No. 792, Bhatt, Raipur 993136","H.No. 19, Devan Circle, Kakinada 925114",Veg,2026-03-17,Instagram
163,Ekavir,Sagar,9408570854,ekavir163@gmail.com,Male,1985-03-14,Dehradun,248002,"39, Deol Nagar, Pudukkottai 207100","94/672, Dhar Ganj, Nagaon-632909",Non-Veg,2026-05-03,Organic Search
164,Hemangini,Tata,9565973314,hemangini164@gmail.com,Female,1997-08-19,Muzaffarnagar,251003,"H.No. 60, Keer Circle, Kochi 958837","H.No. 312, Tank Chowk, Kozhikode-054364",Non-Veg,2026-04-18,Organic Search
165,Oviya,Setty,9855797020,oviya165@gmail.com,Female,1981-09-16,Haridwar,249402,"078, Bobal Zila, Raiganj 635315","636, Borah Ganj, Bhimavaram-062397",Veg,2026-06-03,Gym Referral
166,Gaurav,Ram,9845178074,gaurav166@gmail.com,Male,1990-12-14,Saharanpur,247001,"54/352, Bhasin Nagar, Bhavnagar-776253","92/983, Sabharwal Zila, Thrissur 740633",Veg,2026-02-06,Instagram
167,Omisha,Saraf,9448294647,omisha167@gmail.com,Female,1996-09-20,Saharanpur,247002,"00, Thaman Chowk, Khandwa-717731","254, Chana Ganj, Nangloi Jat 279907",Veg,2026-06-18,Gym Referral
168,Vedika,Devi,9502482554,vedika168@gmail.com,Female,2004-12-21,Saharanpur,247001,"H.No. 70, Rajan Zila, Bettiah-464989","50/85, Choudhry Nagar, Ambarnath-905528",Non-Veg,2026-05-21,Instagram
169,Bahadurjit,Jayaraman,9542437192,bahadurjit169@gmail.com,Male,1984-05-15,Saharanpur,247003,"17/93, Nagi Ganj, Shimoga 401557","88, Seth Road, Amritsar-711624",Veg,2026-04-26,WhatsApp
170,Balvan,Chopra,9282518553,balvan170@gmail.com,Male,1985-02-09,Haridwar,249402,"23, Bajaj Circle, Erode 756704","H.No. 385, Oza Marg, Shivpuri-749242",Veg,2026-03-25,Instagram
171,Kalpit,Karan,9510753814,kalpit171@gmail.com,Male,1994-01-20,Meerut,250002,"547, Dyal Street, South Dumdum 223105","H.No. 52, Banerjee Ganj, Hapur-578284",Veg,2026-04-01,WhatsApp
172,Darsh,Bakshi,9726160204,darsh172@gmail.com,Male,1991-10-28,Saharanpur,247001,"52, Tripathi Nagar, Sagar-492975","H.No. 281, Bakshi Road, Tadipatri 751509",Veg,2026-04-01,Instagram
173,Indali,Vyas,9372706093,indali173@gmail.com,Female,1986-09-18,Saharanpur,247001,"H.No. 187, Vala Zila, Jammu 599805","65/650, Pai Road, Aizawl-813767",Veg,2026-06-05,WhatsApp
174,Mitali,Gade,9963968184,mitali174@gmail.com,Female,2003-01-20,Haridwar,249401,"991, Johal Street, Fatehpur-196106","879, Iyengar Street, Eluru 870494",Veg,2026-06-12,WhatsApp
175,Xiti,Sheth,9686905284,xiti175@gmail.com,Female,1986-10-13,Saharanpur,247004,"H.No. 47, Mani Zila, Mangalore 301471","64/71, Vala Path, Rampur 902572",Non-Veg,2026-06-07,Instagram
176,Rachana,Gade,9471048258,rachana176@gmail.com,Female,1981-12-22,Saharanpur,247232,"50/448, Varkey Zila, South Dumdum 928554","H.No. 895, Arya Street, Kadapa 576521",Veg,2026-05-15,Organic Search
177,Janani,Dubey,9555598254,janani177@gmail.com,Female,1994-08-04,Saharanpur,247001,"71, Deep Zila, Nangloi Jat-452798","40/132, Karan Street, Cuttack 216110",Veg,2026-02-03,WhatsApp
178,Warhi,Sankar,9424400672,warhi178@gmail.com,Female,1981-09-07,Saharanpur,247002,"89/071, Bassi Road, Barasat 119393","H.No. 124, Pall, Nanded-891190",Veg,2026-05-18,Instagram
179,Zarna,Kalla,9618840705,zarna179@gmail.com,Female,2000-07-15,Saharanpur,247001,"01/38, Peri Chowk, Gandhidham 256638","H.No. 517, Venkatesh Zila, Shimla-480157",Veg,2026-05-09,Instagram
180,Devika,Rajan,9485429460,devika180@gmail.com,Female,1988-06-08,Saharanpur,247004,"864, Gulati Marg, Fatehpur 207167","669, Ganguly Zila, Bharatpur 539613",Non-Veg,2026-06-24,WhatsApp
181,Unnati,Tata,9417001612,unnati181@gmail.com,Female,1988-04-17,Roorkee,247661,"H.No. 79, Sundaram Marg, Siliguri 114773","H.No. 017, Gola Nagar, Mahbubnagar-249911",Non-Veg,2026-04-12,Instagram
182,Yoshita,Tailor,9524993183,yoshita182@gmail.com,Female,2002-09-10,Roorkee,247661,"77/848, Zachariah Path, Patna-167567","H.No. 284, Swamy Street, Guntur-671978",Non-Veg,2026-03-11,Instagram
183,Vrinda,Soni,9836371599,vrinda183@gmail.com,Female,1996-03-28,Dehradun,248002,"47, Purohit, Anantapuram-009025","56/165, Sabharwal Path, Pimpri-Chinchwad 334911",Non-Veg,2026-06-03,Gym Referral
184,Niharika,Contractor,9751124015,niharika184@gmail.com,Female,1989-12-12,Roorkee,247667,"H.No. 769, Sama Circle, Jaipur 905696","13, Taneja Path, Rourkela 563718",Veg,2026-05-31,Gym Referral
185,Jalsa,Mani,9407298630,jalsa185@gmail.com,Female,1987-12-02,Roorkee,247667,"919, Nayar Zila, Jabalpur 635148","85/366, Varma Road, Motihari 082973",Veg,2026-05-25,Gym Referral
186,Vinaya,Loyal,9961067882,vinaya186@gmail.com,Female,2006-09-26,Saharanpur,247001,"35/72, Dora Ganj, Raebareli-513644","93/631, Handa Street, Sambalpur-778660",Non-Veg,2026-06-17,Instagram
187,Isha,Dutta,9766676815,isha187@gmail.com,Female,1988-02-18,Muzaffarnagar,251002,"H.No. 82, Sunder Nagar, Pimpri-Chinchwad 594165","23/198, Vig Zila, Mehsana 391559",Veg,2026-01-16,Instagram
188,Saumya,Keer,9924065468,saumya188@gmail.com,Female,2006-09-09,Haridwar,249401,"H.No. 234, Rege Chowk, Giridih-785158","34/257, Morar Path, Medininagar-034864",Veg,2026-06-18,WhatsApp
189,Radhika,Dara,9774576271,radhika189@gmail.com,Female,1995-06-22,Dehradun,248002,"06, Mitra Road, Noida-327560","76, Sami Path, Nanded 815698",Non-Veg,2026-04-28,Instagram
190,Nihal,Setty,9142329671,nihal190@gmail.com,Male,1999-12-17,Muzaffarnagar,251002,"72/063, Murthy Road, Bhubaneswar 382965","24/295, Issac Road, Vijayanagaram-266930",Veg,2026-06-24,Instagram
191,Advay,Karnik,9722312633,advay191@gmail.com,Male,2005-11-20,Saharanpur,247001,"H.No. 20, Sanghvi Marg, Jalgaon-529108","71/333, Mani Road, Eluru-639343",Veg,2026-05-30,Instagram
192,Shaurya,Gole,9416872439,shaurya192@gmail.com,Male,1991-12-07,Saharanpur,247003,"H.No. 43, Seshadri, Uluberia-107256","69/411, Bhargava Circle, Thoothukudi-759900",Veg,2026-03-22,Instagram
193,Jonathan,Thaman,9315601773,jonathan193@gmail.com,Male,1997-11-05,Saharanpur,247001,"52/809, Lad Street, Ambala 572158","H.No. 15, Datta Nagar, Parbhani-644948",Veg,2026-01-07,Instagram
194,Nirja,Sarin,9492836532,nirja194@gmail.com,Female,2005-06-28,Saharanpur,247003,"870, Dixit Ganj, Berhampur 074276","H.No. 758, Shankar Chowk, Gorakhpur 151342",Veg,2026-04-25,WhatsApp
195,Hamsini,Trivedi,9991713190,hamsini195@gmail.com,Female,2003-07-12,Dehradun,248001,"92/61, Tara Ganj, Ozhukarai-416591","H.No. 177, Luthra Chowk, Ozhukarai 975923",Veg,2026-03-08,Instagram
196,Arunima,Mandal,9617380166,arunima196@gmail.com,Female,1989-07-18,Meerut,250004,"96/16, Gokhale Road, Silchar 032664","H.No. 76, Deep Road, Jalandhar-837767",Veg,2026-03-26,Organic Search
197,Lipika,Sampath,9463692735,lipika197@gmail.com,Female,1983-01-08,Saharanpur,247001,"26/61, Varghese Nagar, Madhyamgram-278814","H.No. 742, Mital Street, Nagaon-490810",Veg,2026-05-06,Gym Referral
198,Chatura,Uppal,9180852074,chatura198@gmail.com,Male,1992-05-23,Saharanpur,247002,"94/549, Thakur Zila, Raipur 226016","77/94, Grover Path, Udaipur 941680",Veg,2026-03-29,Instagram
199,Aarnav,Rana,9826197069,aarnav199@gmail.com,Male,1983-10-06,Dehradun,248001,"69, Mitter Chowk, Tenali-122031","H.No. 372, Sarin Ganj, Chandigarh 727601",Veg,2026-03-25,Gym Referral
200,Fiyaz,Dua,9963919401,fiyaz200@gmail.com,Male,2001-03-07,Roorkee,247667,"07, Kibe, Durg-050166","H.No. 767, Sura Circle, Ghaziabad-695814",Veg,2026-06-13,WhatsApp
201,Sathvik,Solanki,9523671208,sathvik201@gmail.com,Male,1983-10-08,Saharanpur,247232,"60/243, Padmanabhan Chowk, Ahmednagar 959724","57/293, Chadha Road, Bikaner-329716",Non-Veg,2026-05-26,Instagram
202,Yatin,Mitter,9588322781,yatin202@gmail.com,Male,1987-01-25,Saharanpur,247232,"H.No. 45, Ghosh Street, Rajkot 619318","H.No. 55, Loke Nagar, Kottayam-077119",Non-Veg,2026-04-04,Instagram
203,Charan,Barman,9381493671,charan203@gmail.com,Male,1994-09-13,Dehradun,248001,"524, Toor Chowk, Navi Mumbai-552137","754, Garg Circle, Shimoga-653286",Non-Veg,2026-03-31,WhatsApp
204,Ishaan,Devi,9498866784,ishaan204@gmail.com,Male,2002-12-11,Roorkee,247667,"85, Savant Nagar, Hyderabad-155626","H.No. 290, Merchant Circle, Rewa 550489",Non-Veg,2026-03-24,Instagram
205,Falak,Raval,9126870011,falak205@gmail.com,Female,1992-12-27,Saharanpur,247001,"56/341, Yogi Nagar, Pali-884318","20/089, Khurana Road, Bhusawal 054851",Non-Veg,2026-03-31,WhatsApp
206,Arjun,Dash,9452194058,arjun206@gmail.com,Male,1993-01-22,Meerut,250001,"H.No. 39, Walla, Etawah 492683","93/57, Din Zila, Bulandshahr 106273",Non-Veg,2026-03-17,Organic Search
207,Vansha,Brahmbhatt,9167878777,vansha207@gmail.com,Female,1990-11-01,Saharanpur,247004,"H.No. 97, Sarraf Marg, Erode-282772","70, Pingle Street, Madanapalle 115940",Veg,2026-05-18,WhatsApp
208,Yutika,Dua,9852775879,yutika208@gmail.com,Female,1983-10-17,Saharanpur,247004,"H.No. 47, Dhar Nagar, Giridih 044327","51/06, Mukherjee Chowk, Naihati 792287",Non-Veg,2026-03-19,Instagram
209,Umang,Sen,9250084428,umang209@gmail.com,Male,1984-08-31,Saharanpur,247232,"96/63, Nori Marg, Mango 120948","989, Vig Nagar, Fatehpur 182043",Veg,2026-01-24,Instagram
210,Jason,Sawhney,9628951656,jason210@gmail.com,Male,1982-11-12,Saharanpur,247001,"07/05, Gole Marg, Nagpur 641118","241, Mohanty Street, Gulbarga-952004",Non-Veg,2026-04-23,Instagram
211,Saumya,Chaudhary,9677186272,saumya211@gmail.com,Female,1989-06-16,Saharanpur,247002,"H.No. 61, Jain Nagar, Kavali-788614","86, Sule Zila, Vellore 048913",Veg,2026-04-05,Instagram
212,Dev,Modi,9819929088,dev212@gmail.com,Male,1996-05-28,Saharanpur,247004,"83/258, Korpal Street, Miryalaguda-007942","49, Rai Road, Rajpur Sonarpur 028914",Veg,2026-04-26,Organic Search
213,Chaitanya,Rana,9680027275,chaitanya213@gmail.com,Male,2000-01-19,Meerut,250002,"39, Nadkarni Circle, Bhilwara-435537","20/970, Ghose Nagar, Miryalaguda 681180",Veg,2026-05-25,Instagram
214,Vamakshi,Dasgupta,9265917699,vamakshi214@gmail.com,Female,1990-05-19,Muzaffarnagar,251003,"20, Shere Zila, Nellore-030453","33/750, Tailor Road, Chennai 614987",Veg,2026-04-28,Gym Referral
215,Frederick,Hari,9995171130,frederick215@gmail.com,Male,1998-12-21,Muzaffarnagar,251003,"21/24, Kari, Nellore-894870","H.No. 66, Dara Road, Shimla-803046",Veg,2026-06-19,WhatsApp
216,Udarsh,Mutti,9400368694,udarsh216@gmail.com,Male,1980-08-21,Saharanpur,247003,"H.No. 903, Borde Marg, Thiruvananthapuram-541107","54/31, Khare Chowk, Meerut-831997",Veg,2026-05-28,Instagram
217,Champak,Sekhon,9576078963,champak217@gmail.com,Male,1996-09-14,Saharanpur,247003,"H.No. 651, Bhatia Street, Pimpri-Chinchwad 961108","61, Roy, Khora  767699",Non-Veg,2026-04-02,Instagram
218,Daksha,Nori,9489431174,daksha218@gmail.com,Female,1998-09-20,Saharanpur,247001,"59/31, Arora Zila, Guntakal 928456","320, Datta Nagar, Bhimavaram-854982",Veg,2026-01-31,Instagram
219,Ethan,Singh,9684615760,ethan219@gmail.com,Male,1989-02-19,Muzaffarnagar,251001,"H.No. 08, Dhillon, Patiala 653331","77/959, Nayak, Gurgaon 217073",Non-Veg,2026-04-03,Organic Search
220,Aarav,Kapoor,9165015165,aarav220@gmail.com,Male,1999-11-27,Muzaffarnagar,251002,"756, Ratta Ganj, Chennai-015081","39, Bassi Path, Davanagere-423425",Veg,2026-01-13,Instagram
221,Jason,Gokhale,9231167999,jason221@gmail.com,Male,1985-12-25,Saharanpur,247002,"H.No. 026, Nigam Zila, Farrukhabad-355289","H.No. 223, Walia Ganj, Dindigul-963099",Non-Veg,2026-03-17,Organic Search
222,Girindra,Wason,9198433586,girindra222@gmail.com,Male,1988-09-24,Dehradun,248001,"042, Suresh Circle, Jodhpur-912868","72/55, Subramanian Circle, Bhalswa Jahangir Pur 969033",Non-Veg,2026-05-11,WhatsApp
223,Harrison,Seth,9741180590,harrison223@gmail.com,Male,2004-08-30,Roorkee,247667,"H.No. 66, Dugar, Rohtak-214785","89, Sandhu Path, Bhind-657546",Veg,2026-01-09,Organic Search
224,Advik,Gola,9458102728,advik224@gmail.com,Male,1992-11-11,Saharanpur,247003,"H.No. 14, Varghese Circle, Bally 111508","544, Halder Road, Tinsukia-044566",Veg,2026-03-05,Instagram
225,Abha,Sodhi,9706210987,abha225@gmail.com,Female,1998-10-23,Saharanpur,247232,"337, Varty Ganj, Surendranagar Dudhrej-153663","05/29, Mody Street, Panchkula-536668",Veg,2026-04-07,Instagram
226,Netra,Nanda,9695076080,netra226@gmail.com,Female,1996-12-05,Muzaffarnagar,251001,"599, Raman, Kurnool 186371","41/218, Balay Street, Indore 316433",Veg,2026-04-19,Instagram
227,Madhav,Viswanathan,9350180427,madhav227@gmail.com,Male,1982-06-15,Saharanpur,247004,"02/56, Dugar Marg, Bikaner 716323","72/994, Jain, Bally 027169",Veg,2026-06-27,Instagram
228,Krishna,Vora,9739930411,krishna228@gmail.com,Female,1989-09-14,Saharanpur,247002,"90, Mani Zila, Sri Ganganagar-692632","29, Ramaswamy Zila, Mathura-484137",Veg,2026-06-03,Instagram
229,Tripti,Dara,9255357534,tripti229@gmail.com,Female,2008-05-13,Muzaffarnagar,251003,"56/72, Johal Road, Surendranagar Dudhrej 176563","H.No. 412, Shetty Path, Surendranagar Dudhrej-183727",Veg,2026-04-16,Organic Search
230,Liam,Edwin,9957397689,liam230@gmail.com,Male,1985-04-09,Saharanpur,247232,"418, Ganguly Marg, Hyderabad 275230","08/164, Ben Chowk, Nashik-335331",Non-Veg,2026-04-16,Instagram
231,Adweta,Sama,9127681228,adweta231@gmail.com,Female,1981-04-11,Dehradun,248003,"131, Ganesh Street, Vijayanagaram 558393","H.No. 331, Naik Path, Kanpur-506373",Non-Veg,2026-06-20,Instagram
232,Bachittar,Mallick,9946571918,bachittar232@gmail.com,Male,1998-09-10,Saharanpur,247001,"H.No. 364, Tata, Jorhat 419562","57/150, Sen, Sasaram 890309",Veg,2026-02-15,Instagram
233,David,More,9287095435,david233@gmail.com,Male,1987-02-11,Saharanpur,247002,"10/25, Minhas Chowk, Saharanpur-303975","H.No. 08, Mani Marg, Berhampur-533803",Veg,2026-06-27,Instagram
234,Janya,Raj,9552002959,janya234@gmail.com,Female,1995-02-05,Saharanpur,247002,"01/713, Dhaliwal Nagar, Cuttack-298338","74/233, Goda Marg, Avadi 973471",Non-Veg,2026-04-20,WhatsApp
235,Pranit,Rao,9611365210,pranit235@gmail.com,Male,1991-01-26,Dehradun,248001,"89, Dugal Marg, Jaipur-614982","74, Mander Chowk, Kishanganj-152732",Veg,2026-05-16,Instagram
236,Ikshita,Agrawal,9737444033,ikshita236@gmail.com,Female,1980-11-08,Saharanpur,247002,"66, Rajagopalan Path, Aizawl 601692","H.No. 58, Pillay Chowk, Kharagpur-337050",Veg,2026-03-15,Instagram
237,Ethan,Lal,9760465943,ethan237@gmail.com,Male,1997-06-12,Saharanpur,247004,"992, Dada Nagar, Yamunanagar-918362","48/869, Sabharwal Road, Moradabad-243640",Veg,2026-02-12,Instagram
238,Hamsini,Swamy,9807491789,hamsini238@gmail.com,Female,1980-07-16,Roorkee,247661,"64/62, Prasad Street, Guntur 728179","023, Rege Road, Moradabad-141614",Veg,2026-02-28,WhatsApp
239,Bhavika,Oommen,9133447745,bhavika239@gmail.com,Female,1981-04-29,Saharanpur,247003,"10, Lata Nagar, Ballia-138069","59, Nayar Marg, Tiruvottiyur 356690",Non-Veg,2026-06-09,Instagram
240,Pranav,Narayanan,9531233244,pranav240@gmail.com,Male,2003-01-26,Saharanpur,247232,"62/091, Mammen Circle, Arrah 978630","50/573, Sundaram, Pudukkottai 567164",Non-Veg,2026-02-14,Instagram
241,Gunbir,Dhar,9864935082,gunbir241@gmail.com,Male,2004-11-07,Saharanpur,247003,"14, Sibal Circle, Amroha 783332","02, Rajagopal Path, Muzaffarnagar 712871",Veg,2026-05-20,Organic Search
242,Osha,Kapur,9186748119,osha242@gmail.com,Female,2006-08-02,Saharanpur,247232,"68, Kaul Marg, Rampur 411159","52/56, Agarwal, Ghaziabad-665528",Veg,2026-05-06,Instagram
243,Janya,Chhabra,9235497187,janya243@gmail.com,Female,1991-07-25,Saharanpur,247002,"437, Din Chowk, Ulhasnagar-954814","46, Nath Nagar, Bhagalpur-027642",Non-Veg,2026-06-22,Instagram
244,Alka,Ramanathan,9688793237,alka244@gmail.com,Female,1989-12-10,Meerut,250001,"61, Mandal Circle, Jammu-125904","27/74, Kadakia Street, Thiruvananthapuram-591266",Non-Veg,2026-03-23,Gym Referral
245,Hamsini,Bhalla,9741444618,hamsini245@gmail.com,Female,1983-03-09,Saharanpur,247001,"H.No. 185, Saraf, Sambhal-013674","17/647, Apte Path, Bhiwandi-178309",Non-Veg,2026-04-16,WhatsApp
246,Wriddhish,Mahal,9750072069,wriddhish246@gmail.com,Male,1999-12-02,Saharanpur,247002,"76, Dass Road, Anantapur 826068","98/13, Golla Zila, Kolkata-510293",Veg,2026-06-27,Instagram
247,Faris,Chahal,9222851168,faris247@gmail.com,Male,1996-03-30,Roorkee,247667,"H.No. 845, Garg Circle, Mumbai 408487","58/598, Kadakia Circle, Varanasi-032432",Veg,2026-06-20,Gym Referral
248,Janaki,Parmer,9925667446,janaki248@gmail.com,Female,1988-04-05,Muzaffarnagar,251002,"44/62, Shan Marg, Rohtak-283143","25, Raghavan Marg, Mahbubnagar 141818",Veg,2026-06-01,WhatsApp
249,Samar,Bhatti,9561784080,samar249@gmail.com,Male,1989-09-19,Muzaffarnagar,251003,"H.No. 42, Mahal Ganj, Navi Mumbai 361128","H.No. 859, Madan Road, Nashik 562588",Non-Veg,2026-05-28,WhatsApp
250,Saksham,Sood,9463925049,saksham250@gmail.com,Male,1997-01-29,Saharanpur,247001,"82/226, Loke, Uluberia 967275","H.No. 68, Mody Ganj, Farrukhabad-511131",Veg,2026-04-22,Gym Referral
251,Fitan,Bhandari,9883415470,fitan251@gmail.com,Male,1982-11-12,Saharanpur,247001,"H.No. 682, Tank Chowk, Machilipatnam 930685","72/83, Borde Street, Guntur-067625",Veg,2026-05-30,Instagram
252,Daksh,Nigam,9814154134,daksh252@gmail.com,Male,2006-02-01,Saharanpur,247002,"H.No. 47, Lanka Road, Delhi-348079","H.No. 09, Narasimhan Chowk, Raichur-052650",Veg,2026-03-14,Instagram
253,Chandresh,Sankar,9837468465,chandresh253@gmail.com,Male,1994-04-10,Roorkee,247667,"17, Dugal Nagar, Kamarhati 654562","72, Pandya Street, Kolkata 313402",Veg,2026-04-09,Organic Search
254,Rudra,Sama,9993108266,rudra254@gmail.com,Male,2001-04-29,Saharanpur,247232,"37/416, Tandon Chowk, Anantapur 862110","H.No. 80, Ben Ganj, Haldia-674471",Veg,2026-06-10,Instagram
255,Upadhriti,Kota,9899496315,upadhriti255@gmail.com,Female,1997-10-15,Saharanpur,247003,"H.No. 14, Sanghvi Ganj, Bhalswa Jahangir Pur-892392","604, Dhingra Ganj, Surat-106684",Non-Veg,2026-04-29,Gym Referral
256,Kala,Kapadia,9697398528,kala256@gmail.com,Female,1989-11-28,Roorkee,247667,"60/41, Patla Road, Etawah-350200","474, Chaudhuri, Udaipur 755411",Veg,2026-06-10,Instagram
257,Abeer,De,9703102938,abeer257@gmail.com,Male,1989-10-08,Muzaffarnagar,251001,"439, Chahal Marg, Bikaner 093371","H.No. 73, Dube Circle, Warangal 684855",Veg,2026-03-23,Instagram
258,Vanya,Dalal,9479673044,vanya258@gmail.com,Female,2005-12-31,Saharanpur,247002,"88, Ganesan Nagar, Bikaner 090367","86, Ramakrishnan Circle, Medininagar 320293",Non-Veg,2026-02-14,Gym Referral
259,Aayush,Varghese,9554124989,aayush259@gmail.com,Male,1993-03-31,Meerut,250002,"448, Garg Zila, Ranchi 402424","810, Pillay Path, Gwalior 269450",Non-Veg,2026-06-03,Gym Referral
260,Aashi,Parekh,9408839723,aashi260@gmail.com,Female,1986-08-20,Meerut,250004,"H.No. 08, Cherian, Bardhaman 735439","36, Divan Path, Tiruchirappalli-272239",Veg,2026-03-30,WhatsApp
261,Yatan,Gole,9720535283,yatan261@gmail.com,Male,1998-08-17,Saharanpur,247001,"269, Boase Ganj, Madurai 376182","60, Arya Zila, Mira-Bhayandar 142900",Non-Veg,2026-06-15,WhatsApp
262,Chatresh,Nigam,9617746926,chatresh262@gmail.com,Male,2004-05-15,Saharanpur,247001,"797, Mohanty Street, Nangloi Jat 308481","H.No. 841, Sagar Circle, Mumbai 036625",Veg,2026-06-15,Instagram
263,Mekhala,Kara,9697285504,mekhala263@gmail.com,Female,2006-04-21,Saharanpur,247002,"21, Chaudry Ganj, Raurkela Industrial Township-951510","85, Golla, Jalgaon-945147",Veg,2026-06-27,Instagram
264,Qarin,Lanka,9716435189,qarin264@gmail.com,Male,2003-03-13,Meerut,250002,"252, Sekhon Marg, Jabalpur 964215","55, Samra Chowk, Haridwar-236687",Non-Veg,2026-06-29,Instagram
265,Yatin,Walia,9702332331,yatin265@gmail.com,Male,1995-07-05,Saharanpur,247004,"H.No. 968, Kanda, Noida-030587","H.No. 552, Sharma Road, Suryapet-333021",Veg,2026-04-12,Organic Search
266,Eshana,Purohit,9758819288,eshana266@gmail.com,Female,2001-01-08,Muzaffarnagar,251003,"H.No. 191, Dugar Chowk, Siliguri-213109","728, Singhal Road, Naihati-041200",Veg,2026-01-27,WhatsApp
267,Gabriel,Thakur,9753903309,gabriel267@gmail.com,Male,1984-12-25,Meerut,250002,"78/498, Karan Road, Sangli-Miraj & Kupwad-186236","28, Brahmbhatt, Morena 662056",Non-Veg,2026-06-23,Organic Search
268,Gunbir,Madan,9387169808,gunbir268@gmail.com,Male,1983-07-13,Haridwar,249401,"50/34, Chhabra Street, Rajpur Sonarpur 438303","90/97, Bava Nagar, Tiruchirappalli 054683",Veg,2026-06-29,Instagram
269,Nisha,Raman,9918630985,nisha269@gmail.com,Female,2000-10-24,Saharanpur,247004,"H.No. 68, Thakkar Zila, Nagpur-790422","13/322, Varty Circle, Sultan Pur Majra-545960",Veg,2026-05-06,Instagram
270,Rishi,Khare,9106556040,rishi270@gmail.com,Male,1986-05-05,Saharanpur,247002,"71/02, Chahal Road, Bareilly 524214","H.No. 127, Solanki Road, Mango 197054",Non-Veg,2026-06-01,Instagram
271,Suhani,Rege,9805818425,suhani271@gmail.com,Female,2004-06-28,Saharanpur,247001,"H.No. 89, Prakash Path, Haridwar-409038","H.No. 462, Rastogi, Rajahmundry 715778",Veg,2026-06-01,Instagram
272,Viraj,Chopra,9779863265,viraj272@gmail.com,Male,1982-11-24,Saharanpur,247001,"36, Bhattacharyya Path, Tiruvottiyur 371470","359, Rai Nagar, Mirzapur-730306",Non-Veg,2026-04-01,Organic Search
273,Lopa,Krishnan,9669601448,lopa273@gmail.com,Female,1998-04-18,Saharanpur,247004,"H.No. 461, Seth Road, Loni 420165","567, Wason Chowk, Junagadh 960893",Veg,2026-04-14,Instagram
274,Brinda,Dhillon,9466034277,brinda274@gmail.com,Female,1989-07-23,Saharanpur,247232,"727, Comar Path, Firozabad 727910","82, Purohit, Karnal-390550",Non-Veg,2026-03-14,Instagram
275,Nidhi,Mohanty,9448303473,nidhi275@gmail.com,Female,1994-07-21,Saharanpur,247004,"76/655, Sandhu Circle, Raipur 765289","46, Chaudhary Road, Vasai-Virar-096179",Veg,2026-05-15,Gym Referral
276,Chandresh,Sawhney,9191221925,chandresh276@gmail.com,Male,1994-08-03,Roorkee,247667,"33, Raj Chowk, Thiruvananthapuram 157660","44/44, Khurana Marg, Vijayanagaram 002589",Veg,2026-06-10,Gym Referral
277,Nathan,Nayak,9910069356,nathan277@gmail.com,Male,1985-04-07,Saharanpur,247232,"63/96, Sanghvi Nagar, Pali-658263","19/64, Dutt Circle, Kurnool 106092",Non-Veg,2026-06-18,WhatsApp
278,Akshay,Brar,9392168202,akshay278@gmail.com,Male,1996-07-03,Muzaffarnagar,251003,"52, Kapadia Ganj, Jammu 640412","H.No. 791, Dhar Zila, Firozabad 117536",Veg,2026-05-28,Instagram
279,Daksha,Swaminathan,9751842899,daksha279@gmail.com,Female,2002-10-07,Saharanpur,247002,"13, Prashad Marg, Hospet-240299","H.No. 57, Ahluwalia, Nagaon 139080",Veg,2026-05-25,Instagram
280,Yochana,Vala,9910614025,yochana280@gmail.com,Female,2001-10-20,Saharanpur,247232,"H.No. 305, Kannan Street, Cuttack-473158","76/863, Ghose Road, Parbhani 199423",Non-Veg,2026-04-26,WhatsApp
281,Widisha,Sant,9219066986,widisha281@gmail.com,Female,2005-03-19,Saharanpur,247001,"H.No. 91, Rajagopal, Kollam-517208","H.No. 98, Rao Path, Raipur 562531",Veg,2026-06-04,Instagram
282,Hritik,Prabhu,9622517939,hritik282@gmail.com,Male,1990-11-29,Muzaffarnagar,251003,"H.No. 505, Shroff Ganj, Muzaffarpur 649383","91/966, Nagarajan Path, Thiruvananthapuram 770461",Veg,2026-04-07,WhatsApp
283,Diya,Sethi,9336779871,diya283@gmail.com,Female,1985-04-15,Saharanpur,247004,"904, Agrawal Nagar, Anantapuram 608805","16, Maharaj Road, Sri Ganganagar 185790",Non-Veg,2026-06-07,Instagram
284,Ronith,Misra,9108253947,ronith284@gmail.com,Male,1999-12-30,Meerut,250001,"15/910, Batta Ganj, Kolhapur-563213","04/010, Borde Road, Ozhukarai 422971",Non-Veg,2026-04-22,Instagram
285,Dev,Nagar,9923935280,dev285@gmail.com,Male,2004-08-17,Roorkee,247667,"18/839, Suri Chowk, Pondicherry-314415","11/703, Kalita Nagar, Kharagpur-715398",Veg,2026-06-07,Instagram
286,Naksh,Muni,9452318696,naksh286@gmail.com,Male,2000-05-01,Saharanpur,247001,"356, Varghese Chowk, Silchar-146249","11, Babu Ganj, Gaya 078754",Non-Veg,2026-06-02,Instagram
287,Dhriti,Chad,9562412302,dhriti287@gmail.com,Female,1990-06-02,Saharanpur,247003,"86, Nath Circle, Gandhidham-510663","29, Wagle Road, Kadapa 103131",Veg,2026-05-03,Instagram
288,Avi,Banik,9855561271,avi288@gmail.com,Male,1996-08-07,Saharanpur,247001,"14/39, Ramanathan Marg, Salem-473235","01/289, Mody Chowk, Tirunelveli 122572",Veg,2026-01-23,Instagram
289,Abha,Som,9817311263,abha289@gmail.com,Female,1992-06-23,Meerut,250002,"H.No. 12, Pandey Nagar, Ballia 737100","82/21, Modi Zila, Bidhannagar 584745",Non-Veg,2026-06-22,Gym Referral
290,Veer,Arya,9896760809,veer290@gmail.com,Male,2003-09-03,Saharanpur,247232,"97/14, Bail Circle, Bulandshahr 257039","136, Mahal Zila, Hajipur-455696",Non-Veg,2026-06-20,Instagram
291,Lakshit,More,9183604337,lakshit291@gmail.com,Male,1985-10-30,Saharanpur,247004,"79, Mani Path, Bangalore 272849","41, Aurora Road, Thane-491074",Veg,2026-06-22,Gym Referral
292,Aahana,Sani,9715683222,aahana292@gmail.com,Female,1990-05-11,Roorkee,247661,"H.No. 25, Thakkar Road, Chandigarh 236914","53, Sami Marg, Navi Mumbai-494296",Non-Veg,2026-06-02,Instagram
293,Neel,Dewan,9410864588,neel293@gmail.com,Male,1999-08-18,Dehradun,248002,"683, Mody Road, Bihar Sharif-826612","57/56, Salvi Chowk, Surendranagar Dudhrej-806129",Veg,2026-05-28,Instagram
294,Matthew,Kibe,9448717183,matthew294@gmail.com,Male,1996-09-28,Saharanpur,247003,"89/40, Dass Marg, Chennai 870104","14/97, Bhat Path, Bhimavaram 382872",Veg,2026-05-26,Instagram
295,Isaac,Dubey,9594025283,isaac295@gmail.com,Male,1988-12-02,Haridwar,249401,"93, Bhavsar Zila, Jamnagar 813317","01, Ravel Road, Udaipur 849791",Veg,2026-03-21,Gym Referral
296,Tarak,Dhingra,9194628740,tarak296@gmail.com,Male,1998-04-23,Meerut,250004,"32/883, Srinivasan Chowk, Ramagundam-975466","62, Mander Nagar, Jamshedpur 094097",Non-Veg,2026-06-02,Instagram
297,Anvi,Pant,9567804106,anvi297@gmail.com,Female,2007-06-15,Saharanpur,247004,"H.No. 02, Tella Path, Karnal-812259","24/461, Puri Chowk, Medininagar 988425",Veg,2026-03-20,WhatsApp
298,Owen,Raval,9524951250,owen298@gmail.com,Male,1982-05-22,Saharanpur,247002,"117, Naik Chowk, Patiala 266109","H.No. 175, Balan, Pondicherry 762983",Veg,2026-02-01,Gym Referral
299,Indira,Krishnan,9337911187,indira299@gmail.com,Female,1994-03-31,Dehradun,248002,"268, Chadha Ganj, Jalandhar 020569","873, Som Ganj, Raurkela Industrial Township 176619",Non-Veg,2026-04-04,Instagram
300,Balveer,Datta,9648127255,balveer300@gmail.com,Male,2002-05-27,Saharanpur,247002,"H.No. 730, Zachariah, Lucknow 446512","93/89, Muni Circle, Tadipatri 819740",Veg,2026-04-18,WhatsApp
301,Amol,Nigam,9308202515,amol301@gmail.com,Male,1992-04-17,Saharanpur,247002,"H.No. 238, Bhatia Path, Kumbakonam-990516","401, Taneja Nagar, Etawah 743000",Veg,2026-04-07,Organic Search
302,Indira,Warrior,9881017363,indira302@gmail.com,Female,1997-07-10,Saharanpur,247232,"70/66, Sani Street, Jamalpur-171955","03, Chanda Ganj, Ambattur-890030",Non-Veg,2026-03-17,Organic Search
303,Brinda,Bhandari,9258580752,brinda303@gmail.com,Female,1984-01-16,Roorkee,247661,"H.No. 559, Master Ganj, Medininagar-711148","53/745, Master Circle, Hajipur-588105",Veg,2026-04-29,Instagram
304,Tripti,Sunder,9311818984,tripti304@gmail.com,Female,1988-04-30,Saharanpur,247003,"34/83, Pradhan Zila, Vadodara-771070","64/10, Rajagopalan Road, Surat 670336",Non-Veg,2026-03-08,Instagram
305,Hiral,Sankar,9915133660,hiral305@gmail.com,Female,1995-05-28,Saharanpur,247232,"50/95, Kalita Road, Mau 601864","98/42, Sibal Marg, Mira-Bhayandar-441384",Veg,2026-06-21,WhatsApp
306,Om,Rana,9929839316,om306@gmail.com,Male,1981-07-29,Saharanpur,247003,"H.No. 49, Dash Nagar, Jehanabad 427707","H.No. 578, Rege Ganj, Adoni 498517",Non-Veg,2026-04-19,WhatsApp
307,Hemangini,Kuruvilla,9705306363,hemangini307@gmail.com,Female,2001-12-10,Saharanpur,247001,"23, Din Street, Muzaffarpur 028795","H.No. 440, Zachariah Path, Ghaziabad 511871",Veg,2026-02-13,Gym Referral
308,Yashodhara,Brahmbhatt,9706118438,yashodhara308@gmail.com,Female,1987-02-17,Saharanpur,247003,"61/642, Narain Nagar, Thanjavur 574902","H.No. 29, Cherian Nagar, Satara 369026",Non-Veg,2026-05-09,WhatsApp
309,Balveer,Brahmbhatt,9447042200,balveer309@gmail.com,Male,2007-05-03,Dehradun,248001,"18/09, Vohra Chowk, Ratlam-394353","51, Saxena Ganj, Mirzapur 588157",Veg,2026-04-07,Gym Referral
310,Ishwar,Sen,9262089272,ishwar310@gmail.com,Male,2002-07-06,Roorkee,247667,"36/92, Lad, Mau-116682","702, Sahota Zila, Begusarai-120602",Veg,2026-06-15,Instagram
311,Bina,Deo,9777944609,bina311@gmail.com,Female,1994-11-29,Saharanpur,247232,"H.No. 26, Khurana Circle, Kochi-599910","67, Mann Marg, Guntur 981209",Non-Veg,2026-03-09,Instagram
312,Qasim,Setty,9160314355,qasim312@gmail.com,Male,1991-02-12,Saharanpur,247001,"94/13, Tak Road, Nashik-456522","84, Murthy, Sri Ganganagar 214477",Non-Veg,2026-06-27,Instagram
313,Isaac,Gara,9595792218,isaac313@gmail.com,Male,1988-07-28,Saharanpur,247001,"421, Trivedi Ganj, Bhopal 883070","H.No. 96, Verma Chowk, Malda 117674",Veg,2026-03-19,WhatsApp
314,Caleb,Devan,9993027458,caleb314@gmail.com,Male,2008-04-20,Saharanpur,247003,"H.No. 315, Tripathi Street, Bally 815061","00/32, Puri, Thiruvananthapuram 727274",Non-Veg,2026-05-30,Instagram
315,Dominic,Issac,9196955134,dominic315@gmail.com,Male,1998-04-08,Meerut,250002,"H.No. 617, Joshi Circle, Agra 496935","H.No. 34, Suri Chowk, Khora -874131",Veg,2026-06-13,WhatsApp
316,Maanas,Saini,9596832859,maanas316@gmail.com,Male,2007-08-21,Saharanpur,247001,"61/275, Palan Zila, Warangal 796304","08, Lal Path, Bulandshahr 766404",Veg,2026-04-15,WhatsApp
317,Xavier,Kanda,9893410426,xavier317@gmail.com,Male,1990-01-04,Meerut,250002,"63, Ganesan, Bhubaneswar 298006","H.No. 81, Venkataraman Nagar, Mirzapur 286342",Veg,2026-05-21,Gym Referral
318,Ridhi,Narula,9969533218,ridhi318@gmail.com,Female,1992-01-26,Saharanpur,247003,"H.No. 081, Rao Circle, Kalyan-Dombivli-440330","62, Chad Road, Srinagar 008921",Veg,2026-02-25,WhatsApp
319,Rohan,Hari,9749620068,rohan319@gmail.com,Male,2003-10-11,Saharanpur,247002,"80, Mahal Road, Panihati 497646","84, Mane Chowk, Eluru 765817",Veg,2026-04-02,WhatsApp
320,Jasmit,Bakshi,9166436383,jasmit320@gmail.com,Female,1991-08-15,Saharanpur,247232,"H.No. 79, Mukhopadhyay Zila, Asansol-182379","697, Kaul Circle, Kumbakonam-645205",Non-Veg,2026-06-18,WhatsApp
321,Tanvi,Ahluwalia,9999126903,tanvi321@gmail.com,Female,1988-01-02,Roorkee,247661,"75/35, Subramanian Chowk, Vasai-Virar-162028","710, Tandon Marg, Loni 286604",Non-Veg,2026-05-04,Instagram
322,Daniel,Saran,9641755366,daniel322@gmail.com,Male,2008-05-17,Muzaffarnagar,251001,"59/22, Virk Road, Srikakulam 894773","870, Saha Path, Jalgaon 104331",Non-Veg,2026-05-10,WhatsApp
323,Veer,Narayanan,9859803019,veer323@gmail.com,Male,1983-02-23,Saharanpur,247232,"H.No. 583, Atwal Path, Panipat-694596","H.No. 921, Mammen Ganj, Firozabad 289659",Veg,2026-04-07,Instagram
324,Manya,Solanki,9661296425,manya324@gmail.com,Female,1986-05-10,Saharanpur,247002,"192, Gala Street, Mumbai 102876","H.No. 81, Ramaswamy Ganj, Kharagpur-548581",Veg,2026-04-12,WhatsApp
325,Hredhaan,Ganesan,9403754671,hredhaan325@gmail.com,Male,2006-12-20,Saharanpur,247001,"87, Krishna Chowk, Proddatur 520575","83/65, Anne Street, Mango-830945",Veg,2026-04-19,Instagram
326,Charvi,Pillay,9828960875,charvi326@gmail.com,Female,2006-02-19,Meerut,250004,"H.No. 476, Kulkarni Nagar, Howrah 797727","H.No. 09, Goel Street, Gwalior 107051",Non-Veg,2026-03-18,WhatsApp
327,Liam,Hari,9795038832,liam327@gmail.com,Male,1998-11-02,Haridwar,249402,"52/958, Rau Nagar, Ghaziabad 382412","H.No. 93, Rout Circle, Delhi-485157",Non-Veg,2026-04-23,Instagram
328,Caleb,Sheth,9699108439,caleb328@gmail.com,Male,1982-12-18,Saharanpur,247004,"12/590, Anne Street, Dindigul 134324","42/429, Sachdev Path, Maheshtala 324474",Veg,2026-05-03,WhatsApp
329,Charita,Suri,9877103091,charita329@gmail.com,Female,1990-06-10,Saharanpur,247232,"87/209, Dugal Marg, Raebareli 435884","H.No. 37, Balay Road, Hazaribagh 727955",Non-Veg,2026-04-05,Gym Referral
330,Saanvi,Bandi,9747145068,saanvi330@gmail.com,Female,1989-07-09,Muzaffarnagar,251001,"H.No. 267, Nayar Path, Gaya 427820","96/67, Krishnan Ganj, Ghaziabad-764038",Veg,2026-03-27,Gym Referral
331,Darika,Sama,9725711790,darika331@gmail.com,Female,1992-06-02,Saharanpur,247232,"02/82, Viswanathan Road, Tezpur 250142","27, Divan Nagar, Malegaon 412336",Non-Veg,2026-01-25,WhatsApp
332,Chakradev,Konda,9433108786,chakradev332@gmail.com,Male,1984-10-23,Meerut,250002,"25, Sinha Zila, Rajpur Sonarpur 673162","54, Ramesh Marg, Sri Ganganagar 903923",Non-Veg,2026-03-24,Organic Search
333,Qarin,Pathak,9520861681,qarin333@gmail.com,Male,1990-01-04,Haridwar,249401,"H.No. 327, Basu Ganj, Barasat 156262","70, Sama Road, Ujjain 817151",Non-Veg,2026-02-04,Instagram
334,Tanmayi,Arora,9190966348,tanmayi334@gmail.com,Female,1984-12-31,Dehradun,248001,"70/766, Mitter Nagar, Rampur-978575","686, Doctor Zila, Naihati 389760",Non-Veg,2026-05-05,Instagram
335,Vincent,Manda,9950040559,vincent335@gmail.com,Male,1981-08-11,Saharanpur,247232,"H.No. 09, Krishnan Path, Naihati-084245","54, Choudhury Nagar, Vadodara-321812",Veg,2026-02-19,Instagram
336,Elijah,Tak,9854658900,elijah336@gmail.com,Male,1992-07-25,Saharanpur,247004,"93, Shanker Circle, Solapur 502916","46/602, Buch Road, Bhiwandi 944988",Veg,2026-05-31,Gym Referral
337,Keya,Bawa,9835958147,keya337@gmail.com,Female,1990-12-22,Haridwar,249402,"42, Thaker Road, Mahbubnagar-244063","24/479, Chatterjee Path, Kamarhati 531949",Veg,2026-05-21,Organic Search
338,Veda,Salvi,9819896690,veda338@gmail.com,Female,1998-04-08,Saharanpur,247002,"80, Oak Path, Sri Ganganagar 277382","09, Sur Zila, Gwalior-854457",Non-Veg,2026-04-13,Instagram
339,Vinaya,Balan,9489336282,vinaya339@gmail.com,Female,1984-11-10,Saharanpur,247002,"66/04, Swaminathan Circle, Gandhinagar-691163","42/26, Rege Circle, Bellary-945515",Non-Veg,2026-05-21,Instagram
340,Zayan,Wason,9466932310,zayan340@gmail.com,Male,1995-05-28,Dehradun,248003,"74, Dugar Chowk, Silchar-085721","63, Kapur Nagar, Phagwara-996059",Veg,2026-04-17,Organic Search
341,Kritika,Ganesan,9343248743,kritika341@gmail.com,Female,1996-06-08,Saharanpur,247001,"H.No. 09, Vaidya Marg, Nanded-532735","H.No. 039, Sharaf Chowk, Madanapalle-327819",Non-Veg,2026-05-13,Organic Search
342,Oni,Dutta,9417604347,oni342@gmail.com,Female,1987-05-09,Saharanpur,247001,"06/876, Sahni Zila, Siwan 980770","05/687, Dash Marg, Ulhasnagar 912565",Non-Veg,2026-05-15,Gym Referral
343,Ekavir,Kibe,9927720428,ekavir343@gmail.com,Male,2002-10-09,Saharanpur,247002,"H.No. 517, Konda Chowk, Tiruvottiyur-757494","840, Prabhakar Ganj, Jalna 294774",Non-Veg,2026-06-06,WhatsApp
344,Faras,Dave,9665359037,faras344@gmail.com,Male,1984-08-06,Muzaffarnagar,251003,"H.No. 30, Mitter Ganj, Bhimavaram 458867","29/858, Radhakrishnan Path, Gulbarga-276015",Veg,2026-05-28,Instagram
345,Isaiah,More,9922816526,isaiah345@gmail.com,Male,1986-04-11,Saharanpur,247232,"13/57, Arora Chowk, Panihati-061581","H.No. 798, Konda Ganj, South Dumdum 372094",Veg,2026-06-17,WhatsApp
346,Liam,Chand,9265627642,liam346@gmail.com,Male,2001-04-20,Dehradun,248001,"40/33, Sood Ganj, Navi Mumbai 513717","189, Sur Ganj, Jehanabad 961739",Veg,2026-05-04,Instagram
347,Vasatika,Acharya,9927959968,vasatika347@gmail.com,Female,1987-07-18,Roorkee,247667,"25, Subramanian Circle, Dewas-835488","H.No. 270, Upadhyay Path, Shimla 216417",Non-Veg,2026-05-18,WhatsApp
348,Pavani,Yohannan,9874364348,pavani348@gmail.com,Female,2003-07-12,Muzaffarnagar,251001,"348, Nagarajan Road, Kota-939252","292, Varty Path, Hindupur-434745",Veg,2026-05-25,Instagram
349,Elijah,Mohan,9826239153,elijah349@gmail.com,Male,1989-11-02,Saharanpur,247232,"46, Ramaswamy, Kolkata 065274","445, Nagy Nagar, Eluru 883398",Veg,2026-04-22,Gym Referral
350,Urvi,Mahal,9755621841,urvi350@gmail.com,Female,1983-06-27,Roorkee,247661,"H.No. 79, Batra Chowk, Morbi-499601","H.No. 85, Mane Chowk, Chittoor 156229",Non-Veg,2026-04-24,Instagram
351,Mason,Iyengar,9582032731,mason351@gmail.com,Male,1996-03-23,Dehradun,248002,"H.No. 98, Wali Road, Lucknow-155732","755, Lad Ganj, Mahbubnagar 216667",Veg,2026-06-09,Instagram
352,Arunima,Wadhwa,9968253265,arunima352@gmail.com,Female,1982-03-08,Saharanpur,247001,"60/85, Swamy Circle, Ramgarh 119181","79/31, Malhotra Marg, Bidhannagar-512957",Veg,2026-02-21,Gym Referral
353,Tarak,Bail,9308323285,tarak353@gmail.com,Male,1991-09-26,Meerut,250001,"60/03, Sane Path, Rampur 958739","234, Chaudhuri Street, Deoghar 285155",Non-Veg,2026-05-21,Instagram
354,Jyoti,Joshi,9573087862,jyoti354@gmail.com,Female,1986-02-21,Meerut,250004,"H.No. 33, Bala Path, Gandhidham-607360","33, Dash Marg, Akola-231795",Veg,2026-05-27,WhatsApp
355,Nathan,Sagar,9510032406,nathan355@gmail.com,Male,1985-11-04,Saharanpur,247004,"48, Shan Zila, Chennai 661554","43/167, Maharaj Nagar, Ranchi 329028",Non-Veg,2026-05-15,WhatsApp
356,Faras,Dey,9274008639,faras356@gmail.com,Male,1999-12-16,Saharanpur,247002,"34/59, Dugar Marg, Malegaon 822512","465, Nagi Road, Indore 070260",Veg,2026-02-11,Gym Referral
357,Ranbir,Vohra,9248604290,ranbir357@gmail.com,Male,1985-03-31,Haridwar,249402,"H.No. 31, Bhatti Marg, Fatehpur 687290","42, Zacharia Path, Srikakulam 779323",Veg,2026-04-02,Gym Referral
358,Yasti,Dayal,9616030284,yasti358@gmail.com,Female,2003-01-18,Saharanpur,247004,"11/649, Krish Zila, Chandrapur-457988","H.No. 65, Banerjee Street, Nashik 202032",Non-Veg,2026-04-04,Gym Referral
359,Sneha,Naidu,9210154881,sneha359@gmail.com,Female,1980-10-27,Muzaffarnagar,251002,"H.No. 39, Seth Marg, Malda-871485","H.No. 57, Shan Circle, Tiruvottiyur 156082",Veg,2026-04-27,Gym Referral
360,Champak,Karan,9233871736,champak360@gmail.com,Male,2007-10-19,Saharanpur,247004,"42/54, Sarin Chowk, Dibrugarh 683230","92/98, Batta Circle, Panvel-825212",Veg,2026-06-07,Instagram
361,Isaiah,Doshi,9392907427,isaiah361@gmail.com,Male,1995-08-21,Muzaffarnagar,251001,"H.No. 06, Ramakrishnan Road, Fatehpur-524014","99/106, Dhawan Street, Nanded 626693",Veg,2026-04-25,Instagram
362,Kritika,Palla,9992329618,kritika362@gmail.com,Female,1982-06-21,Saharanpur,247001,"19, Jha Street, Ajmer 501848","741, Sha Circle, Madurai 406417",Non-Veg,2026-06-18,Instagram
363,Tanay,Ganguly,9338411494,tanay363@gmail.com,Male,2005-01-11,Muzaffarnagar,251002,"811, Patil, Shimla-601444","45/101, Kibe Chowk, Korba 417899",Veg,2026-05-16,Gym Referral
364,Riya,Venkataraman,9128636900,riya364@gmail.com,Female,2004-11-12,Meerut,250001,"19/19, Dalal Zila, Karimnagar-605779","60/392, Narasimhan Nagar, Jalna 074555",Non-Veg,2026-06-23,Instagram
365,Kritika,Malhotra,9501538092,kritika365@gmail.com,Female,1992-12-25,Saharanpur,247002,"42, Nagy Ganj, Karnal 715598","H.No. 11, Munshi Marg, Gaya-347557",Non-Veg,2026-04-23,Instagram
366,Pratyush,Dutta,9502559419,pratyush366@gmail.com,Male,2007-05-10,Meerut,250004,"H.No. 394, Minhas Circle, Sikar 311964","56/26, Memon Zila, North Dumdum-703824",Veg,2026-02-14,Instagram
367,Agastya,Talwar,9206389694,agastya367@gmail.com,Male,1986-10-12,Saharanpur,247003,"732, Minhas Nagar, Jaipur-768893","96/96, Patla Road, Chinsurah-535851",Veg,2026-06-25,Gym Referral
368,Ekalinga,Nagy,9949738493,ekalinga368@gmail.com,Male,2004-07-28,Haridwar,249402,"H.No. 878, Cheema Path, Karnal-749079","61/20, Sen Circle, Sri Ganganagar-215149",Non-Veg,2026-05-22,Instagram
369,Lajita,Bala,9990949719,lajita369@gmail.com,Female,2000-06-23,Saharanpur,247002,"26/374, Modi Circle, Muzaffarpur-289509","11/91, Sachdev Circle, Jammu 922071",Non-Veg,2026-06-18,WhatsApp
370,Noah,Chakraborty,9914799481,noah370@gmail.com,Male,1983-02-17,Haridwar,249402,"67, Oza Street, Jalandhar-526471","33, Bumb Path, Bidhannagar-840908",Non-Veg,2026-01-24,Gym Referral
371,Bhanumati,Prakash,9105638424,bhanumati371@gmail.com,Female,1983-03-03,Saharanpur,247003,"H.No. 564, Prasad Nagar, Malegaon 972835","59/27, Tripathi Street, Raiganj 908144",Veg,2026-06-23,Organic Search
372,Darika,Palla,9331557515,darika372@gmail.com,Female,1999-08-15,Saharanpur,247232,"39, Nazareth Street, Motihari-718153","736, Parmar Nagar, Nangloi Jat 815899",Non-Veg,2026-06-25,Gym Referral
373,Zinal,Vig,9880862406,zinal373@gmail.com,Female,1991-07-14,Saharanpur,247232,"H.No. 27, Master Ganj, Sambhal-617071","64/74, Wable Nagar, Maheshtala 499825",Veg,2026-04-01,WhatsApp
374,Arunima,Warrior,9933409017,arunima374@gmail.com,Female,1981-04-11,Saharanpur,247003,"580, Trivedi Marg, Danapur 031723","37/399, Bath Nagar, Tiruppur 403526",Veg,2026-04-14,Instagram
375,Jhalak,Prabhu,9151270577,jhalak375@gmail.com,Female,2006-03-10,Saharanpur,247004,"293, Kuruvilla, Aurangabad-346066","749, Rana Nagar, Sultan Pur Majra-311127",Veg,2026-06-15,Instagram
376,Bahadurjit,Goswami,9768737754,bahadurjit376@gmail.com,Male,1995-07-13,Roorkee,247661,"64/844, Lal, Jamshedpur-318732","11, Barad Ganj, Udaipur 136957",Veg,2026-03-23,WhatsApp
377,Eshana,Sathe,9636687537,eshana377@gmail.com,Female,1997-03-18,Saharanpur,247002,"509, Dua Nagar, Chandrapur 573066","13/23, Sarna Path, Gandhidham-398482",Non-Veg,2026-06-02,WhatsApp
378,Ekbal,Nadkarni,9653380476,ekbal378@gmail.com,Male,1982-01-31,Saharanpur,247232,"80/92, Prabhakar Path, Asansol 306090","098, Bahri Zila, Aurangabad-496737",Veg,2026-05-15,WhatsApp
379,Jeremiah,Pai,9412750915,jeremiah379@gmail.com,Male,2007-12-09,Haridwar,249402,"785, Dhawan Ganj, Akola-425064","68, Ratti Ganj, Nagercoil-666777",Veg,2026-06-12,Instagram
380,Sara,Sheth,9358303887,sara380@gmail.com,Female,1990-09-04,Dehradun,248003,"833, Halder Ganj, Tadipatri 786543","18, Mital Chowk, Faridabad-358268",Non-Veg,2026-05-27,WhatsApp
381,Tarak,Gole,9817490291,tarak381@gmail.com,Male,2006-11-27,Saharanpur,247001,"92, Dugal Road, Ramgarh 265732","98/01, Chada Zila, Bangalore-515532",Veg,2026-04-25,Instagram
382,Jalsa,Mohanty,9172670118,jalsa382@gmail.com,Female,2004-01-13,Roorkee,247661,"77/52, Mitter Road, Kishanganj 226189","87/43, Din Zila, Jalandhar-267672",Non-Veg,2026-06-09,Organic Search
383,Aishani,Patil,9944403809,aishani383@gmail.com,Female,2006-07-24,Saharanpur,247002,"H.No. 795, Chada Path, Coimbatore-294621","H.No. 15, Talwar, Gudivada-254384",Veg,2026-04-18,Organic Search
384,Yoshita,Bajwa,9519246503,yoshita384@gmail.com,Female,1994-03-16,Muzaffarnagar,251003,"34/476, Baria Path, Berhampore-580290","37, Rama Marg, Gopalpur 558665",Non-Veg,2026-05-14,Gym Referral
385,Dominic,Pal,9515410649,dominic385@gmail.com,Male,2000-08-18,Saharanpur,247001,"H.No. 41, Chad Chowk, Danapur-021312","931, Andra Zila, Mau 297519",Non-Veg,2026-06-19,Organic Search
386,Darsh,Bhalla,9117439966,darsh386@gmail.com,Male,2000-03-18,Saharanpur,247004,"110, Kaul Marg, Dhanbad-658373","49, Savant Nagar, Guna-123428",Veg,2026-02-01,Instagram
387,Ijaya,Dasgupta,9358906986,ijaya387@gmail.com,Female,2000-03-05,Saharanpur,247002,"532, Minhas Marg, Guna 364538","H.No. 21, Bhatnagar Nagar, Hapur 961701",Non-Veg,2026-06-24,Gym Referral
388,Odika,Pathak,9928393291,odika388@gmail.com,Female,2000-01-16,Haridwar,249402,"57/575, Mital Chowk, Satara 392056","H.No. 67, Sethi Chowk, Ajmer-602562",Non-Veg,2026-02-27,WhatsApp
389,Ryan,Pau,9243247463,ryan389@gmail.com,Male,1980-11-19,Meerut,250001,"23/10, Sodhi Marg, Gopalpur-307624","797, Saran Marg, Morbi 511579",Non-Veg,2026-04-10,Instagram
390,Maanav,Dhaliwal,9973498494,maanav390@gmail.com,Male,1987-01-29,Saharanpur,247002,"70, Dutt Road, Bijapur-919284","25/971, Sekhon Nagar, Erode 353574",Veg,2026-03-05,WhatsApp
391,Panini,Narula,9835172306,panini391@gmail.com,Female,2000-01-18,Meerut,250002,"93/993, Suresh Ganj, Surat-816295","94, Sengupta Zila, Nellore 250733",Veg,2026-06-20,WhatsApp
392,Aadhya,Narang,9778321204,aadhya392@gmail.com,Female,1990-06-20,Dehradun,248002,"H.No. 57, Yadav Path, Maheshtala-403884","04, Jayaraman Road, Sagar-061572",Non-Veg,2026-04-07,Instagram
393,Udant,Raja,9868847524,udant393@gmail.com,Male,1996-01-16,Saharanpur,247001,"H.No. 474, Setty Ganj, Ujjain-501058","568, Saraf Nagar, Tenali-590459",Non-Veg,2026-06-08,Gym Referral
394,Anmol,Vaidya,9415081566,anmol394@gmail.com,Male,1982-01-22,Saharanpur,247003,"H.No. 122, Virk Zila, Noida-555165","80, Saha Circle, Bhatpara 372143",Non-Veg,2026-04-01,Instagram
395,Jagdish,Bhalla,9144996163,jagdish395@gmail.com,Male,1998-07-19,Roorkee,247667,"37/003, Dua Ganj, Orai 566084","68/103, Banik, Berhampur-051958",Non-Veg,2026-02-12,Instagram
396,Gayathri,Ranganathan,9527589822,gayathri396@gmail.com,Female,1986-06-15,Saharanpur,247003,"H.No. 85, Rama Circle, Panihati 535461","H.No. 798, Jayaraman Marg, Gorakhpur 613394",Veg,2026-06-12,Organic Search
397,Hredhaan,Mitter,9371993587,hredhaan397@gmail.com,Male,1990-08-08,Saharanpur,247001,"43/80, Arora Road, Bokaro 376576","89, Kothari Road, Tadepalligudem-009004",Non-Veg,2026-06-05,Instagram
398,Aachal,Mitter,9407209235,aachal398@gmail.com,Female,1992-12-15,Meerut,250001,"H.No. 533, Pradhan Marg, Parbhani-040142","107, Atwal Street, Chandigarh 798440",Non-Veg,2026-05-08,Instagram
399,Wakeeta,Bhatnagar,9804086195,wakeeta399@gmail.com,Female,2000-12-22,Roorkee,247667,"H.No. 660, Tank Nagar, Kirari Suleman Nagar-209014","404, Keer Ganj, Mumbai 968730",Veg,2026-06-28,Instagram
400,Mekhala,Patla,9495157577,mekhala400@gmail.com,Female,1982-12-21,Saharanpur,247003,"82, Prabhu Path, Pondicherry 629657","786, Sankaran Path, Madanapalle 255778",Non-Veg,2026-02-11,Instagram
401,Gayathri,Basak,9572163615,gayathri401@gmail.com,Female,1990-02-10,Saharanpur,247004,"29/23, Bumb Marg, Gorakhpur-819048","57/155, Rana Circle, Muzaffarnagar-613723",Non-Veg,2026-06-03,Gym Referral
402,Aadi,Thaman,9300593456,aadi402@gmail.com,Male,2002-11-22,Saharanpur,247002,"H.No. 436, Kadakia Road, Jhansi-004132","H.No. 71, Parmar Marg, Hyderabad 565346",Veg,2026-05-05,WhatsApp
403,William,Barman,9956084565,william403@gmail.com,Male,1999-07-06,Saharanpur,247001,"H.No. 50, Solanki Road, Siwan 699570","17, Chanda Road, Sambalpur-765397",Veg,2026-05-11,WhatsApp
404,Anika,Naidu,9880697625,anika404@gmail.com,Female,1989-03-03,Meerut,250002,"61/02, Bala, Coimbatore-749680","87/274, Baral Street, Ghaziabad 612137",Non-Veg,2026-02-17,Instagram
405,Xavier,Krish,9982982227,xavier405@gmail.com,Male,1980-08-27,Saharanpur,247003,"H.No. 423, Tak Path, Raiganj-122299","56, Vohra Nagar, Tinsukia 670468",Veg,2026-04-27,Instagram
406,Siddharth,Bhavsar,9210163669,siddharth406@gmail.com,Male,1982-04-27,Saharanpur,247002,"68, Devan Ganj, Nagpur 192378","12, Sachdev, Karaikudi 332426",Veg,2026-06-03,Instagram
407,Aashi,Prabhu,9429097422,aashi407@gmail.com,Female,1982-03-05,Dehradun,248001,"49/80, Devan Road, Latur 337773","88, Dhingra Zila, Sasaram 178192",Non-Veg,2026-06-24,Instagram
408,Jatin,Sachdev,9278933456,jatin408@gmail.com,Male,2004-01-04,Dehradun,248003,"H.No. 60, Basak Marg, Tenali 356793","86/23, Verma, Mehsana-690618",Veg,2026-06-16,WhatsApp
409,Brijesh,Dhingra,9145478504,brijesh409@gmail.com,Male,2002-02-19,Saharanpur,247002,"H.No. 64, Om Chowk, Jorhat 478769","H.No. 17, Walia Path, Chandrapur-449835",Non-Veg,2026-03-17,Gym Referral
410,Neel,Khatri,9760191749,neel410@gmail.com,Male,1996-05-05,Dehradun,248003,"586, Lalla Road, Maheshtala 435885","82/14, Jha Ganj, South Dumdum-536749",Veg,2026-05-21,Organic Search
411,Victor,Yogi,9949842840,victor411@gmail.com,Male,1990-01-20,Saharanpur,247001,"H.No. 16, Ramaswamy Circle, Jabalpur 477894","H.No. 06, Chokshi Chowk, Junagadh-512215",Veg,2026-06-14,Organic Search
412,Avi,Barman,9784523874,avi412@gmail.com,Male,2004-03-20,Saharanpur,247002,"84/21, Jayaraman Marg, Tezpur 015944","399, Loke, Patiala-089532",Veg,2026-06-27,Instagram
413,Rehaan,Jani,9905196831,rehaan413@gmail.com,Male,1995-08-31,Saharanpur,247001,"H.No. 994, Dash Chowk, Shahjahanpur 337922","H.No. 034, Raju Marg, Kakinada-116772",Veg,2026-05-09,WhatsApp
414,Sanaya,Rai,9253308283,sanaya414@gmail.com,Female,1981-02-20,Roorkee,247667,"76/855, Tata Nagar, Mango 521962","556, Kothari Road, Ahmednagar-970931",Veg,2026-03-27,Gym Referral
415,Varsha,Bains,9570484488,varsha415@gmail.com,Female,1991-05-20,Meerut,250002,"07, Sehgal Marg, Hubli–Dharwad 453454","398, Wali, Vadodara-503121",Veg,2026-04-25,Instagram
416,Aryan,Krishna,9935924516,aryan416@gmail.com,Male,1982-09-18,Saharanpur,247004,"426, Grewal Road, Alappuzha 281319","H.No. 87, Ganesh Marg, Pune 911142",Veg,2026-05-25,WhatsApp
417,David,Shere,9709074302,david417@gmail.com,Male,1995-12-29,Saharanpur,247002,"823, Nanda Nagar, Darbhanga 880622","239, Mallick Path, Sambalpur 213290",Veg,2026-06-04,Instagram
418,Bhavna,Purohit,9583100677,bhavna418@gmail.com,Female,1984-04-19,Saharanpur,247232,"76/88, Vohra Marg, Saharsa 996486","031, Pillai, Bhiwandi-664505",Veg,2026-04-14,Organic Search
419,Yagnesh,Issac,9919355714,yagnesh419@gmail.com,Male,2001-07-03,Saharanpur,247003,"27/924, Konda Marg, Pune-747677","26, Korpal Nagar, Salem 505766",Veg,2026-06-21,Instagram
420,Balvan,Menon,9494009507,balvan420@gmail.com,Male,1990-06-06,Saharanpur,247232,"15, Hari Path, Guna-012840","85/076, Sharma Path, Khammam 508917",Non-Veg,2026-05-10,Instagram
421,Widisha,Sant,9368018471,widisha421@gmail.com,Female,2001-11-16,Dehradun,248002,"657, Dhawan Road, Thiruvananthapuram 964630","H.No. 236, Hari, Saharanpur 894301",Non-Veg,2026-05-15,Organic Search
422,Finn,Barad,9299767568,finn422@gmail.com,Male,1987-12-06,Saharanpur,247232,"727, Buch Zila, Tiruvottiyur-749885","98/493, Bains Ganj, Karawal Nagar 584760",Veg,2026-05-23,WhatsApp
423,Netra,Kurian,9703091482,netra423@gmail.com,Female,1983-06-24,Saharanpur,247001,"372, Tiwari Zila, Haridwar-695413","15/066, Dube Marg, Bhalswa Jahangir Pur-551437",Veg,2026-02-20,Instagram
424,Xalak,Randhawa,9855954847,xalak424@gmail.com,Female,1996-12-20,Muzaffarnagar,251003,"439, Nayar Street, Khora -961111","67/12, Agate Nagar, Belgaum 245591",Veg,2026-04-12,Instagram
425,Anusha,Gandhi,9406635834,anusha425@gmail.com,Female,2005-06-30,Dehradun,248002,"H.No. 910, Acharya, Tirunelveli 714949","179, Dugar Road, Mehsana 406527",Veg,2026-03-27,WhatsApp
426,Upkaar,Parmer,9314939857,upkaar426@gmail.com,Male,2007-02-22,Muzaffarnagar,251002,"66/345, Khosla Ganj, Jalgaon 010912","214, Nagarajan Path, Ongole 618943",Veg,2026-03-15,Instagram
427,Warjas,Bandi,9585377142,warjas427@gmail.com,Male,1990-09-10,Roorkee,247661,"H.No. 10, Krishnan Nagar, Gaya-765725","20/24, Chander Marg, Thanjavur-023897",Veg,2026-06-28,Instagram
428,Liam,Jain,9194264587,liam428@gmail.com,Male,2000-09-04,Meerut,250002,"H.No. 559, Nazareth Path, Vasai-Virar-833258","99/93, Baral Marg, Gudivada 870450",Veg,2026-06-28,Gym Referral
429,Tanvi,Bhatnagar,9443154754,tanvi429@gmail.com,Female,1993-10-12,Muzaffarnagar,251001,"93/59, Sengupta Ganj, Dewas-394640","736, Sani Nagar, Aurangabad-886084",Veg,2026-06-22,WhatsApp
430,Atharv,Taneja,9690554938,atharv430@gmail.com,Male,2008-03-08,Muzaffarnagar,251003,"H.No. 368, Goel Path, Kanpur-153701","446, Sandhu Street, Ujjain-144881",Non-Veg,2026-03-11,WhatsApp
431,Balvan,Dugal,9269119969,balvan431@gmail.com,Male,2004-12-11,Dehradun,248001,"H.No. 421, Nazareth Chowk, Orai 817941","H.No. 26, Krishna Ganj, Udupi 122528",Veg,2026-06-25,Gym Referral
432,Gunbir,Srinivas,9784725186,gunbir432@gmail.com,Male,2008-03-31,Haridwar,249401,"H.No. 66, Vala Zila, Rajpur Sonarpur 397913","55, Barman Ganj, Bidhannagar-095055",Veg,2026-04-14,Instagram
433,Triya,Amble,9340777602,triya433@gmail.com,Female,2007-08-23,Saharanpur,247004,"198, Dada Circle, Bhalswa Jahangir Pur-885190","H.No. 86, Barad Road, Pimpri-Chinchwad 246245",Non-Veg,2026-03-29,Instagram
434,Tripti,Borde,9249117905,tripti434@gmail.com,Female,2007-10-19,Saharanpur,247001,"44, Bajaj Marg, Anantapuram 212899","H.No. 145, Dasgupta Path, Gangtok 913044",Veg,2026-05-08,Instagram
435,Chaaya,Mishra,9487509692,chaaya435@gmail.com,Female,2005-11-14,Saharanpur,247001,"04, Chander Marg, Agartala 211901","56, Chhabra Circle, Kozhikode-152291",Non-Veg,2026-05-27,WhatsApp
436,Abhiram,Singhal,9962925204,abhiram436@gmail.com,Male,1986-08-11,Saharanpur,247232,"83/608, Guha Road, Motihari-063963","696, Mani, Kulti 649701",Non-Veg,2026-05-31,Organic Search
437,Tanmayi,Halder,9192573170,tanmayi437@gmail.com,Female,2001-05-28,Saharanpur,247001,"91/320, Krish Ganj, Madurai-234190","06/153, Dhawan Chowk, Amravati-566847",Non-Veg,2026-02-18,Instagram
438,Isha,Dhingra,9869801588,isha438@gmail.com,Female,1986-04-14,Saharanpur,247002,"37/746, Krishnan Nagar, Bhiwani 200784","H.No. 424, Goel Road, Kanpur-819754",Non-Veg,2026-05-28,Gym Referral
439,Jasmit,Sengupta,9925884151,jasmit439@gmail.com,Female,1986-02-13,Saharanpur,247004,"42, Kannan Chowk, Guntur 376388","H.No. 58, Chaudhary Road, Hazaribagh-601913",Non-Veg,2026-04-14,Instagram
440,Lohit,Krishnan,9234568604,lohit440@gmail.com,Male,2003-03-02,Roorkee,247667,"02/05, Saini Circle, Mumbai-321464","69/995, Rai Zila, Thiruvananthapuram 505573",Veg,2026-04-21,Organic Search
441,Ojas,Tailor,9583156434,ojas441@gmail.com,Male,1986-11-13,Muzaffarnagar,251001,"H.No. 923, Bassi Marg, Bhind 811872","510, Apte Road, Jamshedpur-973153",Non-Veg,2026-04-14,WhatsApp
442,Daniel,Chander,9237798236,daniel442@gmail.com,Male,2003-01-17,Saharanpur,247002,"48, Ahuja Street, Thrissur-511893","55, Gala Chowk, Jalandhar 432230",Veg,2026-06-11,Gym Referral
443,Gaurav,Hayre,9786973497,gaurav443@gmail.com,Male,2003-08-29,Roorkee,247667,"H.No. 70, Kara Chowk, Patna-354621","02, Banerjee Path, Bidar-123126",Veg,2026-01-27,WhatsApp
444,Darika,Saran,9238548086,darika444@gmail.com,Female,1986-11-30,Roorkee,247667,"88/899, Sethi Path, Hindupur-762974","30/36, Prashad Road, Mysore 203818",Veg,2026-06-01,Instagram
445,Wakeeta,Rana,9159499094,wakeeta445@gmail.com,Female,2005-12-15,Roorkee,247661,"28/32, Bedi Ganj, New Delhi-588144","067, Dey Ganj, Hubli–Dharwad 971681",Non-Veg,2026-06-28,Gym Referral
446,Oeshi,Sharma,9426551245,oeshi446@gmail.com,Female,1985-02-07,Saharanpur,247004,"H.No. 000, Balasubramanian Nagar, North Dumdum 911371","H.No. 902, Munshi Path, Raipur-442182",Veg,2026-04-09,Instagram
447,William,Mani,9861639583,william447@gmail.com,Male,1994-03-31,Saharanpur,247232,"489, Murthy Nagar, Nandyal 867009","43/655, Pathak Zila, Bettiah 669136",Non-Veg,2026-06-04,Instagram
448,Falguni,Luthra,9657162259,falguni448@gmail.com,Female,1994-10-27,Dehradun,248003,"05/429, Barman Marg, Nandyal 633699","H.No. 982, Bhattacharyya Street, Agartala-164818",Veg,2026-05-05,Gym Referral
449,Zarna,Ahluwalia,9369085407,zarna449@gmail.com,Female,1987-10-27,Meerut,250001,"77/38, Radhakrishnan Ganj, Dehri 643212","28/946, Dutt Road, Latur-258631",Veg,2026-06-16,Instagram
450,Nilima,Krishnamurthy,9394689553,nilima450@gmail.com,Female,1982-10-18,Muzaffarnagar,251002,"H.No. 62, Prakash Path, Kalyan-Dombivli 635582","01/764, Mammen Marg, Anand 315388",Non-Veg,2026-04-15,Instagram
451,Yochana,Gokhale,9672817675,yochana451@gmail.com,Female,2003-09-30,Saharanpur,247004,"27/905, Mann Nagar, Jalna 333538","16/321, Chandra Zila, Hajipur 180933",Non-Veg,2026-05-18,Instagram
452,Chandani,Hora,9735449477,chandani452@gmail.com,Female,1994-04-15,Roorkee,247667,"53/060, Chacko Zila, Khammam-178688","300, Chhabra, Vijayanagaram 829803",Veg,2026-05-17,Organic Search
453,Ranbir,Nath,9807309035,ranbir453@gmail.com,Male,1993-09-19,Saharanpur,247001,"49/160, Kala, Arrah-201491","H.No. 843, Ranganathan Ganj, Tiruvottiyur 926322",Veg,2026-04-17,WhatsApp
454,Janaki,Tiwari,9462516271,janaki454@gmail.com,Female,1984-08-20,Meerut,250002,"H.No. 55, Bose Marg, Rohtak-428860","H.No. 37, Sangha Marg, Ranchi 126003",Non-Veg,2026-02-16,Gym Referral
455,Ayaan,Venkatesh,9986090690,ayaan455@gmail.com,Male,2005-04-10,Dehradun,248001,"91, Raju Nagar, Sirsa 531234","H.No. 688, Sarin Street, Shivpuri 682938",Non-Veg,2026-05-29,Gym Referral
456,Libni,Mannan,9788755699,libni456@gmail.com,Female,2001-06-26,Saharanpur,247232,"480, Sem Circle, Tiruvottiyur 378826","591, Chaudry Nagar, Bidhannagar 908599",Veg,2026-06-08,Gym Referral
457,Bhavini,Mann,9326353775,bhavini457@gmail.com,Female,1988-06-30,Saharanpur,247004,"74/926, Salvi, Sagar-184285","591, Bail Road, Jehanabad-231234",Non-Veg,2026-06-16,Gym Referral
458,Ekta,Sani,9786111573,ekta458@gmail.com,Female,1991-10-24,Saharanpur,247004,"08/72, Dalal Marg, Erode 723483","95/382, Badal Circle, Delhi-612996",Veg,2026-06-01,Instagram
459,Panini,Balan,9685809361,panini459@gmail.com,Female,1995-11-16,Meerut,250004,"58/26, Chander Road, Chapra-561308","H.No. 238, Nayar Path, Chandrapur-468239",Veg,2026-05-10,Instagram
460,Nachiket,Upadhyay,9618558050,nachiket460@gmail.com,Male,1988-02-09,Dehradun,248002,"730, Varkey Nagar, Ghaziabad 610168","H.No. 395, Bava Nagar, Gandhinagar-941491",Veg,2026-06-07,Instagram
461,Naveen,Bhagat,9536038528,naveen461@gmail.com,Male,1993-03-08,Muzaffarnagar,251003,"76/20, Kannan Path, Gopalpur-777946","72/662, Devan, Surat-776029",Non-Veg,2026-05-22,Instagram
462,Bhavna,Lall,9164331134,bhavna462@gmail.com,Female,1981-02-17,Saharanpur,247004,"337, Chakraborty Ganj, Satara 235617","H.No. 321, Gade Zila, Nadiad 363852",Non-Veg,2026-05-01,Instagram
463,Vinaya,Tandon,9598690974,vinaya463@gmail.com,Female,1995-10-15,Saharanpur,247001,"H.No. 337, Minhas Zila, Bilaspur 295026","H.No. 644, Khalsa Nagar, Kurnool 167812",Veg,2026-05-02,Instagram
464,Vedika,Tata,9435632899,vedika464@gmail.com,Female,1999-03-07,Dehradun,248003,"H.No. 021, Yadav Chowk, Kota-486298","97/363, Kibe Circle, Kottayam 856053",Veg,2026-05-30,Gym Referral
465,Varenya,Bajaj,9470838810,varenya465@gmail.com,Female,1994-04-18,Saharanpur,247003,"17/706, Keer Chowk, Kadapa-050682","355, Chadha Street, Ambarnath 587146",Non-Veg,2026-01-16,Organic Search
466,Falan,Bora,9497864507,falan466@gmail.com,Male,1995-02-19,Saharanpur,247001,"25/96, Baral Chowk, Noida-998480","H.No. 509, Sant Ganj, Guna-249598",Veg,2026-04-14,WhatsApp
467,Bhavini,Chad,9359564054,bhavini467@gmail.com,Female,1988-06-08,Saharanpur,247002,"H.No. 715, Keer Street, Sultan Pur Majra-738209","19, Shenoy Zila, Phagwara-682996",Veg,2026-06-14,WhatsApp
468,Yashawini,Tank,9366200875,yashawini468@gmail.com,Female,2000-08-12,Saharanpur,247232,"H.No. 89, Tak Ganj, Katihar-806235","H.No. 566, Narula, Jehanabad 012482",Veg,2026-02-26,Instagram
469,Onveer,Prasad,9512477736,onveer469@gmail.com,Male,1988-01-04,Saharanpur,247232,"96, Dey Ganj, Pudukkottai-232894","891, Ravel Path, Bhilwara-528572",Veg,2026-05-23,Gym Referral
470,Pavani,Ramachandran,9271476207,pavani470@gmail.com,Female,1985-03-10,Saharanpur,247004,"33/58, Pingle, Rajahmundry-865507","50/95, Mani Chowk, Rajahmundry 349189",Non-Veg,2026-06-20,Gym Referral
471,Baljiwan,Chowdhury,9874305759,baljiwan471@gmail.com,Male,2006-01-31,Roorkee,247661,"H.No. 385, Keer, Agra-536415","H.No. 553, Kalita Zila, Ambarnath 678136",Veg,2026-04-13,Instagram
472,Udarsh,Nadig,9635008544,udarsh472@gmail.com,Male,1981-10-11,Roorkee,247661,"14/105, Shan Street, Tadepalligudem 987809","H.No. 452, Varkey Ganj, Rewa-258660",Veg,2026-06-06,Organic Search
473,Nicholas,Toor,9431292818,nicholas473@gmail.com,Male,1992-02-17,Saharanpur,247001,"H.No. 42, Tailor Street, Sasaram-485965","824, Dani, Haldia 020002",Non-Veg,2026-02-14,WhatsApp
474,Nikita,Pradhan,9522240582,nikita474@gmail.com,Female,1998-05-23,Saharanpur,247002,"215, Biswas Path, Kolkata-570836","H.No. 44, Vohra Circle, Kharagpur-273677",Veg,2026-04-15,WhatsApp
475,Mugdha,Sachdev,9331009561,mugdha475@gmail.com,Female,1984-09-08,Haridwar,249402,"H.No. 82, Mani Path, Coimbatore 281231","20/49, Bhargava Zila, Bangalore-836472",Non-Veg,2026-06-14,WhatsApp
476,Ishani,Sheth,9402104065,ishani476@gmail.com,Female,1990-02-26,Saharanpur,247001,"81, Goel Chowk, Etawah-754584","29, Nanda Nagar, Tadipatri-876831",Non-Veg,2026-04-24,WhatsApp
477,Shivani,Bera,9802506364,shivani477@gmail.com,Female,1995-11-17,Dehradun,248001,"H.No. 721, Kale Chowk, Mango-992052","99/36, Chaudhuri Street, Khammam-438823",Veg,2026-04-04,WhatsApp
478,Geetika,Nair,9108780419,geetika478@gmail.com,Female,1998-10-15,Saharanpur,247004,"H.No. 84, Sahni Road, Unnao-732643","H.No. 49, Dada Chowk, Amroha 029271",Non-Veg,2026-02-14,Gym Referral
479,Faris,Bhakta,9383975609,faris479@gmail.com,Male,1989-10-07,Saharanpur,247003,"13/752, Venkataraman, Bikaner-012560","H.No. 048, Shroff Chowk, Karnal-585238",Veg,2026-04-21,Gym Referral
480,Ronith,Bhat,9492922240,ronith480@gmail.com,Male,2002-11-10,Meerut,250004,"H.No. 443, Bumb Marg, Bhubaneswar 152391","92/950, Mitter Zila, Morena 830930",Non-Veg,2026-06-15,Instagram
481,Sarthak,Singhal,9703246271,sarthak481@gmail.com,Male,1982-10-23,Saharanpur,247001,"12/60, Doshi Street, Dhule-176720","H.No. 166, Dayal Zila, Kalyan-Dombivli 907258",Non-Veg,2026-05-25,Instagram
482,Urvashi,Kothari,9178954113,urvashi482@gmail.com,Female,1986-01-14,Roorkee,247661,"H.No. 93, Rai Marg, Dhule-274812","H.No. 140, Rana Circle, Naihati 952294",Non-Veg,2026-06-04,Instagram
483,Raghav,Dave,9690404558,raghav483@gmail.com,Male,1980-12-22,Saharanpur,247002,"H.No. 61, Kala Nagar, Warangal-013712","58, Zacharia Path, Munger 230412",Veg,2026-04-01,Instagram
484,Amara,Dhaliwal,9830572478,amara484@gmail.com,Female,2008-03-20,Muzaffarnagar,251002,"H.No. 592, Kashyap Chowk, Alwar 299071","06/32, Manda Street, Tiruvottiyur-420340",Veg,2026-05-23,WhatsApp
485,Kritika,Bhargava,9203810954,kritika485@gmail.com,Female,1983-12-27,Saharanpur,247001,"97, Sampath Path, Amritsar 795546","H.No. 71, Krishnamurthy Street, Raebareli-108018",Veg,2026-03-19,Instagram
486,Divya,Barad,9464090064,divya486@gmail.com,Female,1986-04-19,Dehradun,248003,"H.No. 764, Suresh Zila, Bhusawal-808157","01/50, Chad Chowk, Danapur 671307",Non-Veg,2026-03-01,WhatsApp
487,Ishwar,Natarajan,9254905897,ishwar487@gmail.com,Male,1982-09-23,Saharanpur,247004,"H.No. 84, Mital Chowk, Rewa 130096","85/76, Kulkarni Marg, Ludhiana-180533",Non-Veg,2026-06-21,Instagram
488,Tamanna,Dugar,9636954564,tamanna488@gmail.com,Female,2003-07-12,Saharanpur,247003,"66, Brar Street, Bhimavaram-832700","66, Mukhopadhyay Zila, Giridih 110797",Veg,2026-05-12,Instagram
489,Vinaya,Dash,9866213410,vinaya489@gmail.com,Female,2006-01-31,Saharanpur,247001,"49/388, Madan Zila, Satna 152049","97/698, Kapur Chowk, Davanagere 971669",Non-Veg,2026-04-15,Instagram
490,Madhav,Chaudry,9590687732,madhav490@gmail.com,Male,1992-01-01,Saharanpur,247002,"374, Sundaram Nagar, Aurangabad-332562","91/97, Bhavsar Nagar, Dehradun-203708",Veg,2026-06-12,Instagram
491,Victor,Zachariah,9250088694,victor491@gmail.com,Male,2004-02-19,Dehradun,248003,"02, Lad Nagar, Bongaigaon 359989","H.No. 170, Thakur Circle, Danapur-186448",Veg,2026-06-13,Instagram
492,Ekapad,Dyal,9274485243,ekapad492@gmail.com,Male,2001-09-18,Muzaffarnagar,251001,"83/97, Prakash Circle, Hyderabad-004806","12, Rai Ganj, Dewas-112879",Veg,2026-06-23,Instagram
493,Lopa,Gandhi,9421300425,lopa493@gmail.com,Female,1997-04-17,Haridwar,249402,"69, Bedi Chowk, Varanasi-314196","07, Kothari Circle, Morbi 883565",Veg,2026-06-20,WhatsApp
494,Chatresh,Sharma,9647301347,chatresh494@gmail.com,Male,1996-10-06,Saharanpur,247003,"H.No. 09, Mandal Marg, Yamunanagar-496047","H.No. 702, Nigam Circle, Kharagpur 259364",Veg,2026-06-18,WhatsApp
495,Edhitha,Acharya,9421897671,edhitha495@gmail.com,Female,1994-07-26,Roorkee,247667,"68/83, Barman, Durgapur-672879","H.No. 911, Borah Road, Gorakhpur 592361",Veg,2026-04-14,WhatsApp
496,Jackson,Kala,9455665802,jackson496@gmail.com,Male,1993-10-18,Saharanpur,247004,"H.No. 23, Kumar Nagar, Miryalaguda-650254","419, Sanghvi Zila, Patna 440966",Non-Veg,2026-01-07,WhatsApp
497,Azad,Singhal,9726745401,azad497@gmail.com,Male,2001-08-26,Muzaffarnagar,251002,"24/98, Barman, Rewa-821417","13/59, Ramesh Street, Bilaspur 989396",Non-Veg,2026-06-14,Instagram
498,Thomas,Muni,9838781242,thomas498@gmail.com,Male,2006-07-18,Meerut,250004,"15/594, Bawa Path, Amravati-920753","H.No. 11, Brar Chowk, Ghaziabad-988636",Veg,2026-06-20,WhatsApp
499,Naksh,Kothari,9385111130,naksh499@gmail.com,Male,1991-12-31,Dehradun,248003,"94/55, Bhalla, Shivpuri-009942","046, Mahal Marg, Chinsurah 605642",Veg,2026-06-19,Organic Search
500,Abhimanyu,Mukhopadhyay,9933397627,abhimanyu500@gmail.com,Male,1989-04-22,Dehradun,248002,"58, Seshadri Nagar, Imphal 389062","H.No. 66, Gour Street, Naihati-016599",Veg,2026-02-02,WhatsApp
