review_id,customer_id,order_id,review_date,overall_rating,delivery_rating,taste_rating,portion_rating,feedback,status
1,61,513,2026-06-07,5,5,5,5,"Best protein meal in Saharanpur, super fresh.",Approved
2,95,1111,2026-06-14,5,5,5,5,"Loved the bowl, will definitely order again!",Approved
3,239,830,2026-06-27,4,4,5,5,Good food but delivery took a bit longer than expected.,Approved
4,450,2071,2026-04-26,4,4,5,4,"Nice quality, will order again.",Approved
5,66,469,2026-06-14,2,2,3,3,Delivery was late and food was lukewarm.,Approved
6,208,849,2026-05-10,5,5,5,5,Great taste and perfectly packed.,Approved
7,397,2280,2026-06-17,4,5,4,3,"Nice quality, will order again.",Approved
8,188,2001,2026-07-02,5,4,5,5,Great taste and perfectly packed.,Approved
9,127,650,2026-06-28,4,4,4,4,"Pretty good, just wish there were more spice options.",Approved
10,4,1895,2026-06-17,5,4,5,5,Great taste and perfectly packed.,Approved
11,89,2817,2026-06-29,5,5,5,5,Great taste and perfectly packed.,Approved
12,149,1336,2026-06-09,3,3,3,3,"Taste was fine, packaging could be better.",Approved
13,379,2372,2026-06-23,5,5,5,4,Exactly what I needed post workout. Highly recommend.,Approved
14,497,1524,2026-06-29,4,3,4,4,"Tasty meal, portion could be slightly bigger.",Approved
15,432,504,2026-06-17,4,4,4,4,"Pretty good, just wish there were more spice options.",Approved
16,359,1709,2026-06-23,4,5,4,4,"Nice quality, will order again.",Approved
17,41,471,2026-07-01,5,5,5,4,"Macros were spot on, very happy with the quality.",Approved
18,77,2141,2026-06-29,5,5,5,5,"Best protein meal in Saharanpur, super fresh.",Approved
19,176,1792,2026-06-17,5,4,4,5,"Loved the bowl, will definitely order again!",Approved
20,346,1582,2026-06-15,5,5,4,5,Exactly what I needed post workout. Highly recommend.,Approved
21,64,1103,2026-05-25,5,5,4,5,"Macros were spot on, very happy with the quality.",Approved
22,404,349,2026-06-08,5,5,5,4,Great taste and perfectly packed.,Approved
23,85,1415,2026-06-06,5,5,5,4,"Best protein meal in Saharanpur, super fresh.",Approved
24,410,1155,2026-07-01,5,5,4,5,"Best protein meal in Saharanpur, super fresh.",Approved
25,77,2429,2026-06-29,5,5,5,5,Exactly what I needed post workout. Highly recommend.,Approved
26,304,1871,2026-06-14,5,4,5,5,"Best protein meal in Saharanpur, super fresh.",Approved
27,277,1479,2026-06-20,5,4,5,4,"Best protein meal in Saharanpur, super fresh.",Approved
28,79,2716,2026-06-28,4,4,5,5,Good food but delivery took a bit longer than expected.,Approved
29,134,2249,2026-06-16,5,5,5,5,"Macros were spot on, very happy with the quality.",Pending
30,53,2668,2026-06-30,5,4,5,4,Great taste and perfectly packed.,Pending
31,449,550,2026-06-22,5,4,5,5,"Macros were spot on, very happy with the quality.",Approved
32,166,212,2026-04-23,5,5,5,5,Great taste and perfectly packed.,Pending
33,372,1676,2026-06-28,3,3,3,3,Portion was a bit small for the price.,Pending
34,115,2789,2026-05-23,4,3,4,5,"Tasty meal, portion could be slightly bigger.",Approved
35,336,1361,2026-06-16,5,5,5,4,"Best protein meal in Saharanpur, super fresh.",Pending
36,318,2052,2026-03-10,5,4,5,4,"Loved the bowl, will definitely order again!",Approved
37,251,528,2026-07-01,4,4,4,4,"Tasty meal, portion could be slightly bigger.",Approved
38,94,2142,2026-06-18,5,4,5,4,"Loved the bowl, will definitely order again!",Approved
39,169,591,2026-05-08,5,5,5,5,Great taste and perfectly packed.,Approved
40,125,2098,2026-06-25,5,5,5,5,Exactly what I needed post workout. Highly recommend.,Approved
41,157,572,2026-06-24,4,5,4,4,"Nice quality, will order again.",Approved
42,70,1227,2026-05-30,5,5,5,5,"Best protein meal in Saharanpur, super fresh.",Approved
43,113,1700,2026-07-01,5,5,5,5,"Loved the bowl, will definitely order again!",Approved
44,235,1185,2026-06-30,1,1,1,2,"Very disappointed, food arrived cold and late.",Approved
45,147,527,2026-06-05,5,5,5,5,"Best protein meal in Saharanpur, super fresh.",Approved
46,291,1180,2026-07-01,5,4,5,5,Exactly what I needed post workout. Highly recommend.,Approved
47,285,553,2026-06-30,5,4,4,5,Great taste and perfectly packed.,Approved
48,123,2467,2026-06-23,5,5,5,4,Exactly what I needed post workout. Highly recommend.,Approved
49,347,2863,2026-06-26,5,5,4,5,"Loved the bowl, will definitely order again!",Approved
50,426,2857,2026-05-05,4,5,3,4,"Pretty good, just wish there were more spice options.",Approved
51,138,953,2026-06-29,5,4,5,4,"Best protein meal in Saharanpur, super fresh.",Approved
52,417,2465,2026-06-22,5,4,5,5,"Macros were spot on, very happy with the quality.",Approved
53,242,1872,2026-05-29,4,3,4,4,"Pretty good, just wish there were more spice options.",Approved
54,455,2572,2026-06-10,5,5,5,5,Great taste and perfectly packed.,Approved
55,402,152,2026-06-06,5,5,5,4,"Best protein meal in Saharanpur, super fresh.",Approved
56,38,1812,2026-06-29,5,5,5,5,Exactly what I needed post workout. Highly recommend.,Approved
57,301,2500,2026-05-31,5,4,4,5,"Best protein meal in Saharanpur, super fresh.",Approved
58,425,2901,2026-06-13,4,3,3,3,"Tasty meal, portion could be slightly bigger.",Approved
59,265,2931,2026-06-27,5,5,5,5,"Macros were spot on, very happy with the quality.",Approved
60,217,1357,2026-05-20,2,2,1,2,Not as fresh as expected.,Approved
61,289,620,2026-06-29,5,5,5,5,Great taste and perfectly packed.,Approved
62,173,1741,2026-06-26,4,4,5,4,Good food but delivery took a bit longer than expected.,Pending
63,332,1973,2026-06-03,5,5,5,5,Exactly what I needed post workout. Highly recommend.,Approved
64,164,902,2026-06-23,4,4,5,4,Good food but delivery took a bit longer than expected.,Approved
65,468,1381,2026-04-11,5,4,5,5,"Best protein meal in Saharanpur, super fresh.",Approved
66,63,1483,2026-06-19,4,4,4,4,"Pretty good, just wish there were more spice options.",Approved
67,231,322,2026-06-29,3,3,2,3,"Taste was fine, packaging could be better.",Approved
68,317,657,2026-06-22,5,5,5,5,"Best protein meal in Saharanpur, super fresh.",Pending
69,353,579,2026-06-26,5,5,5,5,"Macros were spot on, very happy with the quality.",Approved
70,307,1196,2026-06-22,5,5,5,5,"Macros were spot on, very happy with the quality.",Pending
71,72,2895,2026-06-30,5,5,5,5,"Macros were spot on, very happy with the quality.",Approved
72,240,562,2026-04-26,5,4,4,5,Great taste and perfectly packed.,Approved
73,465,2439,2026-05-24,4,3,4,5,"Tasty meal, portion could be slightly bigger.",Approved
74,252,654,2026-06-27,1,1,1,2,"Won't be ordering again, bad experience.",Approved
75,478,2970,2026-05-26,3,2,3,3,"Taste was fine, packaging could be better.",Approved
76,281,1619,2026-06-15,3,3,3,4,Decent but nothing special.,Approved
77,255,1805,2026-07-04,4,3,5,4,"Tasty meal, portion could be slightly bigger.",Approved
78,333,230,2026-04-26,5,5,4,5,"Macros were spot on, very happy with the quality.",Approved
79,479,1304,2026-06-20,5,5,4,5,"Best protein meal in Saharanpur, super fresh.",Approved
80,458,853,2026-06-29,4,4,4,5,Good food but delivery took a bit longer than expected.,Approved
81,179,2329,2026-05-29,5,5,5,5,"Best protein meal in Saharanpur, super fresh.",Approved
82,435,1288,2026-06-27,5,5,4,5,"Loved the bowl, will definitely order again!",Approved
83,189,987,2026-06-14,5,5,5,5,"Loved the bowl, will definitely order again!",Approved
84,385,191,2026-07-01,5,5,5,5,Great taste and perfectly packed.,Approved
85,363,1753,2026-06-17,4,3,5,4,"Nice quality, will order again.",Approved
86,388,961,2026-06-16,5,5,5,5,"Loved the bowl, will definitely order again!",Approved
87,201,78,2026-06-23,5,5,5,5,Great taste and perfectly packed.,Approved
88,271,936,2026-06-21,5,4,5,5,"Loved the bowl, will definitely order again!",Approved
89,174,2006,2026-06-20,3,4,3,4,Portion was a bit small for the price.,Approved
90,450,1148,2026-06-22,5,5,5,5,"Best protein meal in Saharanpur, super fresh.",Approved
91,103,1209,2026-06-19,5,5,5,4,"Macros were spot on, very happy with the quality.",Approved
92,408,613,2026-07-02,5,5,5,5,Great taste and perfectly packed.,Approved
93,159,348,2026-06-26,4,3,4,4,Good food but delivery took a bit longer than expected.,Approved
94,53,2678,2026-07-02,3,3,4,3,"Taste was fine, packaging could be better.",Approved
95,232,1203,2026-05-04,3,3,2,4,Portion was a bit small for the price.,Approved
96,289,2800,2026-06-28,2,3,1,1,Not as fresh as expected.,Approved
97,331,399,2026-03-19,5,5,4,5,"Best protein meal in Saharanpur, super fresh.",Approved
98,109,1286,2026-06-13,5,4,4,4,Exactly what I needed post workout. Highly recommend.,Approved
99,364,2379,2026-06-29,5,5,5,5,"Loved the bowl, will definitely order again!",Approved
100,157,85,2026-06-29,5,5,5,5,"Macros were spot on, very happy with the quality.",Approved
101,113,260,2026-05-16,4,3,4,4,Good food but delivery took a bit longer than expected.,Approved
102,317,2526,2026-06-21,5,5,5,4,Exactly what I needed post workout. Highly recommend.,Approved
103,371,2647,2026-06-30,5,5,4,5,Exactly what I needed post workout. Highly recommend.,Approved
104,179,2267,2026-06-25,5,4,5,5,"Best protein meal in Saharanpur, super fresh.",Approved
105,264,2778,2026-07-02,5,5,5,5,"Loved the bowl, will definitely order again!",Approved
106,133,931,2026-06-30,5,4,4,5,"Macros were spot on, very happy with the quality.",Approved
107,298,2281,2026-06-12,2,2,2,1,Portion size has reduced compared to before.,Approved
108,478,1587,2026-06-22,3,4,3,2,"Average experience, food was okay.",Approved
109,192,2763,2026-06-13,1,1,1,1,"Very disappointed, food arrived cold and late.",Pending
110,106,1873,2026-06-23,5,5,5,5,Great taste and perfectly packed.,Approved
111,121,1138,2026-07-01,4,3,3,4,"Pretty good, just wish there were more spice options.",Approved
112,16,253,2026-06-24,5,5,4,4,"Macros were spot on, very happy with the quality.",Approved
113,84,2426,2026-06-02,4,4,4,5,"Tasty meal, portion could be slightly bigger.",Approved
114,399,2575,2026-06-30,4,4,3,4,Good food but delivery took a bit longer than expected.,Approved
115,197,2633,2026-05-23,4,4,5,4,"Nice quality, will order again.",Approved
116,126,2784,2026-06-29,5,5,4,5,Exactly what I needed post workout. Highly recommend.,Approved
117,235,2651,2026-06-24,5,5,5,5,"Best protein meal in Saharanpur, super fresh.",Approved
118,385,2420,2026-06-30,5,5,5,5,"Macros were spot on, very happy with the quality.",Approved
119,462,1939,2026-05-18,5,5,5,5,"Loved the bowl, will definitely order again!",Approved
120,3,210,2026-06-05,5,5,5,5,"Loved the bowl, will definitely order again!",Approved
121,79,2825,2026-06-30,5,5,5,5,Great taste and perfectly packed.,Approved
122,379,699,2026-06-28,5,5,4,5,"Loved the bowl, will definitely order again!",Pending
123,115,460,2026-06-25,5,5,5,5,Great taste and perfectly packed.,Approved
124,67,731,2026-06-16,5,5,5,5,"Best protein meal in Saharanpur, super fresh.",Approved
125,299,35,2026-05-23,5,5,4,5,Exactly what I needed post workout. Highly recommend.,Pending
126,56,47,2026-06-27,5,5,5,5,"Loved the bowl, will definitely order again!",Approved
127,363,761,2026-06-12,1,2,1,1,"Very disappointed, food arrived cold and late.",Approved
128,195,307,2026-05-20,5,5,5,4,Great taste and perfectly packed.,Approved
129,28,1002,2026-06-25,4,5,4,4,"Pretty good, just wish there were more spice options.",Approved
130,207,1515,2026-06-04,5,4,4,5,Exactly what I needed post workout. Highly recommend.,Approved
131,322,565,2026-06-17,5,5,5,5,"Best protein meal in Saharanpur, super fresh.",Approved
132,16,496,2026-07-02,5,4,4,5,"Loved the bowl, will definitely order again!",Approved
133,439,194,2026-06-15,5,5,5,5,"Best protein meal in Saharanpur, super fresh.",Approved
134,305,2032,2026-06-28,5,5,5,4,Exactly what I needed post workout. Highly recommend.,Approved
135,447,99,2026-06-29,4,4,4,3,"Pretty good, just wish there were more spice options.",Approved
136,429,479,2026-06-29,2,3,3,2,Delivery was late and food was lukewarm.,Approved
137,265,1975,2026-05-31,5,5,5,5,Great taste and perfectly packed.,Approved
138,458,2323,2026-06-17,5,5,5,4,"Macros were spot on, very happy with the quality.",Approved
139,28,2102,2026-07-01,4,4,5,4,"Tasty meal, portion could be slightly bigger.",Approved
140,28,1436,2026-06-18,5,4,4,5,Exactly what I needed post workout. Highly recommend.,Approved
141,95,805,2026-06-09,5,5,5,5,"Best protein meal in Saharanpur, super fresh.",Pending
142,294,1222,2026-06-23,4,4,4,4,Good food but delivery took a bit longer than expected.,Approved
143,164,2227,2026-06-27,4,4,5,3,"Pretty good, just wish there were more spice options.",Pending
144,93,1923,2026-06-13,5,5,5,5,Great taste and perfectly packed.,Pending
145,136,2488,2026-06-28,5,5,5,5,"Loved the bowl, will definitely order again!",Approved
146,330,906,2026-05-11,5,4,4,4,"Loved the bowl, will definitely order again!",Approved
147,414,852,2026-05-14,5,5,4,4,"Macros were spot on, very happy with the quality.",Approved
148,10,1948,2026-06-25,5,5,5,5,"Best protein meal in Saharanpur, super fresh.",Approved
149,315,710,2026-06-30,4,4,5,4,"Tasty meal, portion could be slightly bigger.",Approved
150,194,1458,2026-06-29,5,5,5,5,Exactly what I needed post workout. Highly recommend.,Approved
151,191,612,2026-06-13,5,5,5,4,Exactly what I needed post workout. Highly recommend.,Approved
152,401,2599,2026-06-27,4,5,3,4,"Pretty good, just wish there were more spice options.",Approved
153,71,2749,2026-05-11,5,5,5,5,Exactly what I needed post workout. Highly recommend.,Approved
154,5,1473,2026-05-14,4,4,3,4,Good food but delivery took a bit longer than expected.,Approved
155,199,1775,2026-06-29,2,2,2,2,Below average taste this time.,Approved
156,466,458,2026-06-21,5,5,5,5,"Macros were spot on, very happy with the quality.",Approved
157,20,75,2026-05-25,5,5,5,5,Exactly what I needed post workout. Highly recommend.,Approved
158,324,605,2026-06-12,5,5,4,5,Great taste and perfectly packed.,Approved
159,290,1686,2026-06-26,4,4,4,3,"Nice quality, will order again.",Pending
160,361,1691,2026-05-30,5,5,5,5,"Best protein meal in Saharanpur, super fresh.",Approved
161,50,60,2026-06-29,3,2,3,3,"Average experience, food was okay.",Approved
162,34,1732,2026-07-04,3,3,3,3,"Taste was fine, packaging could be better.",Approved
163,47,2135,2026-06-12,3,3,4,3,"Average experience, food was okay.",Approved
164,299,1855,2026-06-06,5,4,4,5,"Loved the bowl, will definitely order again!",Approved
165,316,1901,2026-06-17,5,5,5,4,"Macros were spot on, very happy with the quality.",Approved
166,100,2994,2026-06-25,5,4,5,5,"Loved the bowl, will definitely order again!",Approved
167,29,1279,2026-06-26,5,5,5,5,"Loved the bowl, will definitely order again!",Approved
168,87,704,2026-06-22,5,5,5,4,"Macros were spot on, very happy with the quality.",Approved
169,365,1874,2026-06-23,4,4,4,4,"Pretty good, just wish there were more spice options.",Approved
170,94,1699,2026-06-19,5,5,5,5,"Macros were spot on, very happy with the quality.",Approved
171,69,2702,2026-06-28,2,3,1,2,Not as fresh as expected.,Approved
172,151,2998,2026-06-29,4,5,3,4,"Nice quality, will order again.",Approved
173,40,132,2026-06-07,4,4,4,3,"Nice quality, will order again.",Approved
174,128,663,2026-06-05,2,1,1,1,Below average taste this time.,Approved
175,411,2300,2026-06-23,4,4,3,5,"Pretty good, just wish there were more spice options.",Approved
176,167,1671,2026-06-24,5,5,5,5,"Macros were spot on, very happy with the quality.",Approved
177,18,1291,2026-06-20,5,4,5,5,"Loved the bowl, will definitely order again!",Approved
178,300,845,2026-06-17,4,4,5,4,"Pretty good, just wish there were more spice options.",Approved
179,277,2456,2026-07-02,1,1,1,1,Order was wrong and support was slow to respond.,Approved
180,61,1793,2026-05-02,3,3,2,4,"Taste was fine, packaging could be better.",Approved
181,421,1493,2026-06-07,5,5,5,5,Great taste and perfectly packed.,Approved
182,112,2621,2026-06-17,2,3,3,2,Delivery was late and food was lukewarm.,Approved
183,478,1311,2026-06-19,5,5,5,5,Great taste and perfectly packed.,Pending
184,18,1737,2026-04-26,5,5,5,5,Great taste and perfectly packed.,Approved
185,271,2748,2026-06-19,5,5,4,5,"Best protein meal in Saharanpur, super fresh.",Approved
186,317,448,2026-06-14,5,4,5,5,"Best protein meal in Saharanpur, super fresh.",Approved
187,272,520,2026-05-16,5,5,5,5,"Loved the bowl, will definitely order again!",Pending
188,200,1902,2026-06-25,5,5,5,5,"Macros were spot on, very happy with the quality.",Approved
189,170,1912,2026-04-21,5,5,5,5,Great taste and perfectly packed.,Approved
190,202,741,2026-06-27,5,5,5,5,Great taste and perfectly packed.,Approved
191,471,1597,2026-06-14,5,5,5,5,Exactly what I needed post workout. Highly recommend.,Pending
192,342,1731,2026-06-06,2,1,2,1,Delivery was late and food was lukewarm.,Approved
193,346,1502,2026-06-24,2,1,2,1,Portion size has reduced compared to before.,Approved
194,252,907,2026-06-28,5,5,5,5,"Loved the bowl, will definitely order again!",Approved
195,235,884,2026-06-21,2,3,2,2,Below average taste this time.,Approved
196,70,2953,2026-05-02,3,4,3,2,"Average experience, food was okay.",Approved
197,475,1698,2026-06-30,3,4,3,2,"Average experience, food was okay.",Approved
198,163,2498,2026-06-29,3,2,2,4,Decent but nothing special.,Approved
199,190,49,2026-07-03,5,5,5,5,"Macros were spot on, very happy with the quality.",Pending
200,125,2536,2026-06-24,3,3,3,2,Decent but nothing special.,Approved
201,313,2334,2026-04-13,4,5,4,3,Good food but delivery took a bit longer than expected.,Pending
202,424,751,2026-05-30,5,5,4,4,"Macros were spot on, very happy with the quality.",Approved
203,356,2726,2026-05-03,5,4,5,5,"Best protein meal in Saharanpur, super fresh.",Approved
204,247,1637,2026-06-25,4,4,5,4,"Tasty meal, portion could be slightly bigger.",Approved
205,497,68,2026-06-29,1,1,1,1,Quality has gone down badly.,Approved
206,281,2689,2026-06-20,3,4,2,3,Decent but nothing special.,Approved
207,41,1996,2026-06-26,3,3,3,2,Decent but nothing special.,Approved
208,384,1057,2026-06-27,3,3,3,3,Portion was a bit small for the price.,Approved
209,36,1489,2026-06-19,4,4,4,4,"Pretty good, just wish there were more spice options.",Approved
210,302,497,2026-06-20,2,2,1,2,Portion size has reduced compared to before.,Approved
211,147,1408,2026-05-21,3,2,3,3,"Taste was fine, packaging could be better.",Approved
212,127,1294,2026-06-20,2,2,2,2,Below average taste this time.,Approved
213,403,1781,2026-06-15,5,5,5,5,Exactly what I needed post workout. Highly recommend.,Approved
214,165,749,2026-06-21,4,4,4,4,"Nice quality, will order again.",Approved
215,318,2823,2026-06-27,4,4,4,5,"Pretty good, just wish there were more spice options.",Approved
216,85,2118,2026-06-08,5,5,5,5,"Best protein meal in Saharanpur, super fresh.",Approved
217,263,2708,2026-07-02,4,4,4,5,"Pretty good, just wish there were more spice options.",Approved
218,78,402,2026-06-29,4,4,4,4,"Pretty good, just wish there were more spice options.",Approved
219,288,1431,2026-05-05,3,3,3,3,"Average experience, food was okay.",Pending
220,337,1275,2026-06-19,3,3,3,4,"Taste was fine, packaging could be better.",Approved
221,420,351,2026-06-23,5,5,5,5,"Best protein meal in Saharanpur, super fresh.",Approved
222,210,2080,2026-07-04,4,4,5,5,"Tasty meal, portion could be slightly bigger.",Approved
223,453,1441,2026-06-29,4,4,4,4,"Pretty good, just wish there were more spice options.",Approved
224,211,32,2026-05-02,1,1,2,1,"Won't be ordering again, bad experience.",Pending
225,25,1477,2026-07-04,5,5,5,4,Exactly what I needed post workout. Highly recommend.,Approved
226,493,2357,2026-06-21,1,2,1,2,"Won't be ordering again, bad experience.",Approved
227,413,823,2026-06-29,5,4,4,5,"Best protein meal in Saharanpur, super fresh.",Approved
228,154,2491,2026-05-20,5,5,5,4,Great taste and perfectly packed.,Approved
229,398,939,2026-06-15,5,5,5,5,Exactly what I needed post workout. Highly recommend.,Approved
230,450,1708,2026-05-27,5,4,5,5,"Loved the bowl, will definitely order again!",Approved
231,12,1745,2026-04-15,5,5,5,5,"Loved the bowl, will definitely order again!",Approved
232,146,384,2026-06-10,5,5,4,5,Exactly what I needed post workout. Highly recommend.,Approved
233,499,204,2026-06-27,5,5,4,5,"Best protein meal in Saharanpur, super fresh.",Approved
234,200,945,2026-06-29,5,5,5,5,Exactly what I needed post workout. Highly recommend.,Approved
235,303,184,2026-06-04,4,4,4,4,"Nice quality, will order again.",Approved
236,393,502,2026-07-02,5,4,4,5,"Best protein meal in Saharanpur, super fresh.",Approved
237,441,2687,2026-06-19,4,3,4,4,"Pretty good, just wish there were more spice options.",Approved
238,114,46,2026-06-14,5,5,5,5,Great taste and perfectly packed.,Approved
239,145,92,2026-06-24,3,3,3,2,"Average experience, food was okay.",Approved
240,372,1815,2026-07-01,5,5,5,5,"Macros were spot on, very happy with the quality.",Approved
241,107,440,2026-06-30,4,4,4,4,Good food but delivery took a bit longer than expected.,Pending
242,292,2732,2026-06-25,5,4,5,4,"Macros were spot on, very happy with the quality.",Approved
243,158,2959,2026-06-27,5,4,5,5,Exactly what I needed post workout. Highly recommend.,Approved
244,130,1607,2026-06-30,3,3,3,2,"Taste was fine, packaging could be better.",Approved
245,74,2106,2026-05-25,5,5,4,5,Great taste and perfectly packed.,Approved
246,349,2595,2026-06-15,5,5,5,4,"Best protein meal in Saharanpur, super fresh.",Approved
247,112,2431,2026-06-06,3,3,3,3,"Taste was fine, packaging could be better.",Pending
248,482,672,2026-07-02,4,4,4,4,Good food but delivery took a bit longer than expected.,Approved
249,379,1117,2026-06-28,5,4,5,5,"Macros were spot on, very happy with the quality.",Approved
250,120,2902,2026-07-02,5,5,5,5,"Loved the bowl, will definitely order again!",Approved
251,439,431,2026-06-01,4,4,5,4,Good food but delivery took a bit longer than expected.,Approved
252,448,1946,2026-05-21,4,4,3,4,"Nice quality, will order again.",Approved
253,128,449,2026-04-21,2,2,1,2,Below average taste this time.,Approved
254,489,1126,2026-06-06,5,5,5,5,"Best protein meal in Saharanpur, super fresh.",Approved
255,484,2285,2026-06-29,2,2,2,2,Delivery was late and food was lukewarm.,Approved
256,42,2449,2026-06-02,2,2,2,3,Delivery was late and food was lukewarm.,Approved
257,126,160,2026-06-27,5,4,5,5,"Loved the bowl, will definitely order again!",Approved
258,124,446,2026-06-03,5,5,5,5,Exactly what I needed post workout. Highly recommend.,Approved
259,276,2684,2026-06-18,5,5,5,5,"Best protein meal in Saharanpur, super fresh.",Approved
260,307,756,2026-05-04,5,5,5,5,Exactly what I needed post workout. Highly recommend.,Approved
261,324,1644,2026-06-16,5,5,5,5,"Loved the bowl, will definitely order again!",Approved
262,352,2388,2026-06-27,5,5,5,4,Exactly what I needed post workout. Highly recommend.,Pending
263,397,1021,2026-06-27,4,3,5,4,"Nice quality, will order again.",Approved
264,476,144,2026-05-17,5,5,5,4,"Loved the bowl, will definitely order again!",Approved
265,376,542,2026-05-04,4,5,4,4,Good food but delivery took a bit longer than expected.,Approved
266,352,1938,2026-05-13,4,4,3,4,"Tasty meal, portion could be slightly bigger.",Approved
267,449,1988,2026-06-29,4,4,5,4,"Pretty good, just wish there were more spice options.",Approved
268,141,324,2026-06-18,2,1,2,2,Not as fresh as expected.,Approved
269,336,1758,2026-07-02,5,5,5,4,"Loved the bowl, will definitely order again!",Approved
270,152,2592,2026-06-18,4,4,5,4,"Tasty meal, portion could be slightly bigger.",Approved
271,271,1639,2026-06-25,5,5,5,5,"Loved the bowl, will definitely order again!",Pending
272,261,732,2026-06-27,4,4,4,4,"Pretty good, just wish there were more spice options.",Approved
273,356,2887,2026-06-19,5,5,5,5,"Macros were spot on, very happy with the quality.",Pending
274,278,241,2026-06-27,4,3,4,4,"Nice quality, will order again.",Approved
275,191,1770,2026-07-02,3,4,2,3,Decent but nothing special.,Approved
276,202,2261,2026-06-14,5,5,4,4,"Best protein meal in Saharanpur, super fresh.",Approved
277,146,816,2026-07-02,5,5,5,5,"Macros were spot on, very happy with the quality.",Approved
278,401,189,2026-06-20,5,4,5,5,Exactly what I needed post workout. Highly recommend.,Pending
279,211,733,2026-05-04,3,4,3,4,"Taste was fine, packaging could be better.",Approved
280,477,1506,2026-05-27,5,4,5,4,Exactly what I needed post workout. Highly recommend.,Approved
281,211,1406,2026-04-14,5,5,5,5,Great taste and perfectly packed.,Approved
282,296,2769,2026-06-28,4,3,5,4,"Tasty meal, portion could be slightly bigger.",Approved
283,475,1317,2026-06-25,4,5,3,3,Good food but delivery took a bit longer than expected.,Approved
284,322,165,2026-06-22,3,3,3,3,"Average experience, food was okay.",Approved
285,59,2311,2026-04-02,5,4,5,5,Exactly what I needed post workout. Highly recommend.,Approved
286,449,2622,2026-06-22,5,5,5,5,"Best protein meal in Saharanpur, super fresh.",Approved
287,341,294,2026-05-22,5,5,5,5,Exactly what I needed post workout. Highly recommend.,Approved
288,51,2413,2026-06-30,4,3,5,4,Good food but delivery took a bit longer than expected.,Approved
289,290,2410,2026-07-02,3,3,4,2,"Taste was fine, packaging could be better.",Approved
290,242,1593,2026-06-14,5,5,5,5,"Loved the bowl, will definitely order again!",Approved
291,387,1131,2026-07-01,4,4,4,4,Good food but delivery took a bit longer than expected.,Approved
292,85,2837,2026-06-25,5,5,5,5,Great taste and perfectly packed.,Approved
293,227,539,2026-06-28,5,4,4,5,"Best protein meal in Saharanpur, super fresh.",Approved
294,458,1466,2026-07-02,5,4,4,5,"Loved the bowl, will definitely order again!",Approved
295,274,2593,2026-05-18,5,5,5,5,Exactly what I needed post workout. Highly recommend.,Approved
296,459,280,2026-06-09,3,4,4,3,"Average experience, food was okay.",Approved
297,360,2220,2026-06-21,5,4,5,5,"Loved the bowl, will definitely order again!",Approved
298,128,581,2026-05-12,4,3,5,4,"Nice quality, will order again.",Approved
299,430,476,2026-05-23,5,5,5,5,"Best protein meal in Saharanpur, super fresh.",Approved
300,283,2776,2026-06-25,4,4,4,3,"Tasty meal, portion could be slightly bigger.",Approved
301,169,277,2026-06-28,5,4,5,5,Great taste and perfectly packed.,Approved
302,171,2121,2026-05-19,4,5,5,4,"Tasty meal, portion could be slightly bigger.",Approved
303,29,866,2026-05-10,3,4,3,3,"Average experience, food was okay.",Approved
304,460,1380,2026-06-16,5,5,5,5,"Best protein meal in Saharanpur, super fresh.",Approved
305,240,182,2026-06-14,2,2,2,2,Portion size has reduced compared to before.,Approved
306,291,2566,2026-07-02,5,5,5,5,"Loved the bowl, will definitely order again!",Approved
307,178,2058,2026-06-18,5,5,5,5,"Loved the bowl, will definitely order again!",Approved
308,166,317,2026-02-22,5,5,5,5,Great taste and perfectly packed.,Approved
309,387,705,2026-06-29,5,4,5,4,"Loved the bowl, will definitely order again!",Approved
310,235,2878,2026-06-12,3,2,3,3,"Average experience, food was okay.",Approved
311,353,146,2026-06-30,5,5,5,4,"Macros were spot on, very happy with the quality.",Approved
312,398,899,2026-06-13,5,5,5,5,Exactly what I needed post workout. Highly recommend.,Approved
313,270,2771,2026-06-19,5,5,5,5,"Macros were spot on, very happy with the quality.",Approved
314,365,1383,2026-07-02,1,2,2,1,"Very disappointed, food arrived cold and late.",Approved
315,436,1352,2026-06-16,5,5,5,4,"Loved the bowl, will definitely order again!",Pending
316,228,2325,2026-06-21,5,5,5,5,Great taste and perfectly packed.,Pending
317,216,2226,2026-06-20,4,3,4,5,"Tasty meal, portion could be slightly bigger.",Approved
318,369,345,2026-06-24,4,5,3,4,"Pretty good, just wish there were more spice options.",Approved
319,301,2577,2026-06-25,2,2,3,2,Below average taste this time.,Pending
320,392,2563,2026-07-01,5,4,5,5,"Macros were spot on, very happy with the quality.",Approved
321,53,1019,2026-06-28,5,5,5,5,"Macros were spot on, very happy with the quality.",Approved
322,39,228,2026-06-28,5,4,5,5,"Loved the bowl, will definitely order again!",Approved
323,273,2057,2026-06-20,5,5,5,5,"Loved the bowl, will definitely order again!",Approved
324,342,1930,2026-06-09,3,3,3,4,Portion was a bit small for the price.,Approved
325,239,1097,2026-06-14,3,3,4,4,"Taste was fine, packaging could be better.",Approved
326,319,2036,2026-06-08,4,4,4,4,Good food but delivery took a bit longer than expected.,Approved
327,38,2822,2026-06-07,5,5,5,5,Exactly what I needed post workout. Highly recommend.,Approved
328,145,2483,2026-07-01,1,2,1,2,"Very disappointed, food arrived cold and late.",Approved
329,302,445,2026-04-26,1,1,1,1,Quality has gone down badly.,Approved
330,465,2996,2026-06-03,4,4,4,4,Good food but delivery took a bit longer than expected.,Approved
331,208,706,2026-04-18,1,1,1,2,Order was wrong and support was slow to respond.,Pending
332,439,2175,2026-07-01,1,1,1,1,Order was wrong and support was slow to respond.,Pending
333,222,503,2026-06-22,5,5,5,5,"Best protein meal in Saharanpur, super fresh.",Approved
334,27,2129,2026-07-01,5,5,4,4,"Macros were spot on, very happy with the quality.",Approved
335,468,1017,2026-06-03,3,4,4,4,"Average experience, food was okay.",Approved
336,483,360,2026-05-29,5,4,4,5,"Loved the bowl, will definitely order again!",Approved
337,461,1365,2026-06-23,5,5,5,5,"Best protein meal in Saharanpur, super fresh.",Approved
338,374,1008,2026-05-15,5,5,5,4,"Best protein meal in Saharanpur, super fresh.",Approved
339,327,2196,2026-05-03,5,5,5,5,"Macros were spot on, very happy with the quality.",Pending
340,373,2037,2026-06-25,5,5,5,4,"Best protein meal in Saharanpur, super fresh.",Approved
341,389,424,2026-06-28,5,5,5,5,Exactly what I needed post workout. Highly recommend.,Approved
342,342,1167,2026-06-21,5,5,5,5,Great taste and perfectly packed.,Pending
343,94,216,2026-06-26,2,3,3,3,Delivery was late and food was lukewarm.,Approved
344,43,1663,2026-05-20,5,5,5,5,"Best protein meal in Saharanpur, super fresh.",Pending
345,415,1696,2026-06-07,2,1,2,2,Delivery was late and food was lukewarm.,Approved
346,335,315,2026-06-05,3,3,3,4,"Average experience, food was okay.",Approved
347,35,268,2026-06-29,4,4,4,4,Good food but delivery took a bit longer than expected.,Approved
348,76,2384,2026-06-25,3,3,3,2,"Average experience, food was okay.",Approved
349,52,950,2026-06-29,4,4,5,5,"Nice quality, will order again.",Approved
350,157,1525,2026-06-27,5,5,5,5,Exactly what I needed post workout. Highly recommend.,Approved
351,400,2589,2026-04-06,5,5,5,4,"Macros were spot on, very happy with the quality.",Approved
352,336,2709,2026-06-25,5,5,5,5,Exactly what I needed post workout. Highly recommend.,Approved
353,290,2306,2026-07-03,4,3,5,4,"Nice quality, will order again.",Approved
354,176,2587,2026-06-11,5,5,5,5,Exactly what I needed post workout. Highly recommend.,Approved
355,460,1824,2026-06-21,2,3,3,3,Not as fresh as expected.,Approved
356,417,1249,2026-06-24,4,4,4,4,Good food but delivery took a bit longer than expected.,Approved
357,333,2950,2026-05-26,5,4,4,5,"Best protein meal in Saharanpur, super fresh.",Approved
358,304,500,2026-04-26,1,1,1,1,"Very disappointed, food arrived cold and late.",Approved
359,230,787,2026-06-08,5,4,5,5,Exactly what I needed post workout. Highly recommend.,Approved
360,328,2438,2026-06-21,1,1,1,1,Quality has gone down badly.,Approved
361,312,2586,2026-07-03,4,4,3,5,"Tasty meal, portion could be slightly bigger.",Approved
362,168,2754,2026-06-15,3,3,3,3,Decent but nothing special.,Pending
363,195,2386,2026-06-08,5,4,4,5,"Loved the bowl, will definitely order again!",Approved
364,185,110,2026-06-09,4,4,4,4,"Nice quality, will order again.",Approved
365,188,2066,2026-06-26,4,4,4,3,"Tasty meal, portion could be slightly bigger.",Approved
366,339,401,2026-06-26,4,4,3,5,"Nice quality, will order again.",Approved
367,377,1084,2026-06-30,5,4,4,5,Great taste and perfectly packed.,Pending
368,240,1195,2026-06-07,4,4,4,3,"Nice quality, will order again.",Approved
369,419,1292,2026-06-24,5,5,5,5,"Macros were spot on, very happy with the quality.",Approved
370,148,2158,2026-06-09,4,4,4,3,"Nice quality, will order again.",Approved
371,373,246,2026-05-10,5,5,5,5,"Loved the bowl, will definitely order again!",Approved
372,166,251,2026-06-29,4,3,5,4,"Pretty good, just wish there were more spice options.",Approved
373,124,1349,2026-06-13,3,2,2,3,Portion was a bit small for the price.,Pending
374,228,1460,2026-07-01,5,5,5,5,"Macros were spot on, very happy with the quality.",Approved
375,397,117,2026-06-20,1,1,1,1,Order was wrong and support was slow to respond.,Pending
376,77,55,2026-05-21,4,5,4,5,"Tasty meal, portion could be slightly bigger.",Pending
377,93,2330,2026-06-08,4,4,4,4,"Pretty good, just wish there were more spice options.",Approved
378,382,2858,2026-06-27,5,4,4,5,"Best protein meal in Saharanpur, super fresh.",Approved
379,103,927,2026-06-11,4,5,4,4,"Tasty meal, portion could be slightly bigger.",Approved
380,47,1022,2026-06-01,5,5,5,4,Great taste and perfectly packed.,Approved
381,496,1677,2026-06-27,5,5,5,5,Great taste and perfectly packed.,Approved
382,408,590,2026-07-01,5,5,5,5,"Best protein meal in Saharanpur, super fresh.",Approved
383,387,2706,2026-07-01,2,2,2,2,Delivery was late and food was lukewarm.,Approved
384,219,799,2026-05-12,2,3,2,2,Below average taste this time.,Approved
385,264,1481,2026-07-03,4,4,4,4,"Tasty meal, portion could be slightly bigger.",Approved
386,284,2961,2026-05-29,5,5,5,5,"Macros were spot on, very happy with the quality.",Approved
387,396,615,2026-06-26,2,2,2,1,Portion size has reduced compared to before.,Pending
388,471,2034,2026-06-15,5,4,5,5,"Best protein meal in Saharanpur, super fresh.",Approved
389,154,1176,2026-06-05,1,2,2,1,"Won't be ordering again, bad experience.",Approved
390,56,2664,2026-06-01,3,2,3,4,"Taste was fine, packaging could be better.",Approved
391,347,1921,2026-06-27,3,3,3,3,Decent but nothing special.,Approved
392,48,2215,2026-05-28,5,5,5,5,"Loved the bowl, will definitely order again!",Approved
393,54,231,2026-06-08,5,5,5,5,"Loved the bowl, will definitely order again!",Approved
394,179,2094,2026-06-28,5,5,5,5,"Best protein meal in Saharanpur, super fresh.",Approved
395,321,1916,2026-06-12,4,4,4,4,"Pretty good, just wish there were more spice options.",Approved
396,261,2005,2026-06-29,4,4,4,4,"Nice quality, will order again.",Approved
397,253,1632,2026-06-19,5,4,5,4,Great taste and perfectly packed.,Approved
398,433,339,2026-05-28,4,4,5,4,Good food but delivery took a bit longer than expected.,Approved
399,213,2271,2026-06-20,5,5,5,5,"Loved the bowl, will definitely order again!",Approved
400,259,521,2026-06-23,5,5,5,5,Exactly what I needed post workout. Highly recommend.,Approved
401,403,1121,2026-06-13,5,4,5,5,Great taste and perfectly packed.,Approved
402,37,1573,2026-06-25,2,1,2,2,Below average taste this time.,Approved
403,14,1943,2026-06-09,5,5,5,5,"Best protein meal in Saharanpur, super fresh.",Approved
404,167,238,2026-06-23,1,2,1,2,"Won't be ordering again, bad experience.",Approved
405,414,453,2026-06-24,5,5,4,5,Great taste and perfectly packed.,Pending
406,291,1183,2026-07-02,5,5,5,5,Exactly what I needed post workout. Highly recommend.,Approved
407,405,1474,2026-06-13,5,5,5,5,Great taste and perfectly packed.,Pending
408,59,2069,2026-06-10,5,5,5,5,Exactly what I needed post workout. Highly recommend.,Approved
409,208,871,2026-04-21,3,3,2,3,Portion was a bit small for the price.,Approved
410,165,982,2026-07-02,5,5,5,5,Great taste and perfectly packed.,Approved
411,473,1363,2026-03-08,5,5,5,5,"Loved the bowl, will definitely order again!",Pending
412,329,1820,2026-05-02,4,5,4,5,"Tasty meal, portion could be slightly bigger.",Approved
413,204,2645,2026-06-29,4,5,3,4,"Tasty meal, portion could be slightly bigger.",Approved
414,125,1487,2026-06-22,5,5,4,4,"Loved the bowl, will definitely order again!",Approved
415,334,2348,2026-06-16,4,4,5,5,"Pretty good, just wish there were more spice options.",Approved
416,17,1378,2026-05-18,4,5,4,3,"Nice quality, will order again.",Approved
417,307,2562,2026-04-08,4,4,4,4,"Pretty good, just wish there were more spice options.",Approved
418,392,630,2026-06-11,5,5,4,5,Great taste and perfectly packed.,Approved
419,26,1799,2026-04-10,5,4,5,5,"Best protein meal in Saharanpur, super fresh.",Pending
420,199,490,2026-04-21,5,5,5,5,Exactly what I needed post workout. Highly recommend.,Approved
421,495,2194,2026-06-09,5,5,5,5,"Loved the bowl, will definitely order again!",Approved
422,281,1679,2026-06-30,5,5,5,5,Exactly what I needed post workout. Highly recommend.,Pending
423,452,2148,2026-06-04,5,4,5,4,Great taste and perfectly packed.,Approved
424,400,1809,2026-06-20,3,3,3,3,Portion was a bit small for the price.,Approved
425,7,785,2026-05-20,5,5,5,5,Great taste and perfectly packed.,Approved
426,316,2560,2026-06-26,5,5,5,5,"Loved the bowl, will definitely order again!",Approved
427,153,2912,2026-04-29,5,5,5,5,Exactly what I needed post workout. Highly recommend.,Approved
428,455,389,2026-06-29,4,5,4,4,"Tasty meal, portion could be slightly bigger.",Approved
429,328,1747,2026-06-23,2,2,2,3,Below average taste this time.,Approved
430,61,297,2026-06-03,3,3,3,2,Decent but nothing special.,Approved
431,285,1333,2026-06-16,5,5,5,5,Exactly what I needed post workout. Highly recommend.,Approved
432,381,108,2026-05-28,5,4,5,5,Great taste and perfectly packed.,Approved
433,125,472,2026-06-23,5,5,5,5,"Best protein meal in Saharanpur, super fresh.",Approved
434,332,283,2026-05-18,5,5,5,5,"Best protein meal in Saharanpur, super fresh.",Approved
435,51,102,2026-07-02,5,4,4,4,"Macros were spot on, very happy with the quality.",Approved
436,485,274,2026-05-29,3,2,3,3,"Taste was fine, packaging could be better.",Approved
437,61,616,2026-05-18,5,5,5,5,Exactly what I needed post workout. Highly recommend.,Approved
438,184,2385,2026-07-02,5,5,5,5,"Best protein meal in Saharanpur, super fresh.",Approved
439,471,675,2026-05-14,5,5,5,5,Great taste and perfectly packed.,Approved
440,355,1029,2026-06-20,1,1,1,1,Order was wrong and support was slow to respond.,Approved
441,305,2719,2026-06-30,5,4,4,4,"Best protein meal in Saharanpur, super fresh.",Approved
442,430,1442,2026-06-08,3,3,3,2,"Average experience, food was okay.",Approved
443,342,1369,2026-06-25,4,5,5,5,"Pretty good, just wish there were more spice options.",Approved
444,377,1312,2026-06-23,3,2,4,2,Portion was a bit small for the price.,Approved
445,343,2720,2026-06-19,5,5,5,5,Great taste and perfectly packed.,Approved
446,399,2872,2026-07-04,5,5,5,5,Great taste and perfectly packed.,Approved
447,305,2318,2026-07-02,2,2,3,2,Delivery was late and food was lukewarm.,Approved
448,324,2904,2026-05-31,5,5,5,5,Great taste and perfectly packed.,Approved
449,277,452,2026-06-25,5,5,4,5,"Best protein meal in Saharanpur, super fresh.",Approved
450,294,1091,2026-06-11,5,5,5,5,"Loved the bowl, will definitely order again!",Approved
451,250,1085,2026-05-23,5,4,5,5,"Best protein meal in Saharanpur, super fresh.",Approved
452,480,1039,2026-06-25,4,4,5,4,"Pretty good, just wish there were more spice options.",Approved
453,124,2374,2026-06-24,5,4,5,5,Great taste and perfectly packed.,Pending
454,19,2729,2026-06-24,4,5,4,4,"Tasty meal, portion could be slightly bigger.",Approved
455,150,1591,2026-04-19,5,5,4,5,"Loved the bowl, will definitely order again!",Approved
456,428,1500,2026-07-02,5,4,5,5,Exactly what I needed post workout. Highly recommend.,Approved
457,122,1883,2026-06-29,5,5,5,5,"Loved the bowl, will definitely order again!",Approved
458,45,2002,2026-05-27,5,5,5,5,Exactly what I needed post workout. Highly recommend.,Approved
459,237,2091,2026-06-06,5,5,4,5,Exactly what I needed post workout. Highly recommend.,Approved
460,19,1396,2026-06-23,4,3,3,4,"Tasty meal, portion could be slightly bigger.",Approved
461,56,2134,2026-06-28,4,4,4,3,"Pretty good, just wish there were more spice options.",Approved
462,300,1056,2026-06-12,5,5,5,4,"Best protein meal in Saharanpur, super fresh.",Approved
463,33,2770,2026-06-30,5,5,4,5,"Best protein meal in Saharanpur, super fresh.",Approved
464,165,777,2026-06-24,5,5,5,5,Exactly what I needed post workout. Highly recommend.,Approved
465,307,2164,2026-06-10,2,2,3,1,Below average taste this time.,Approved
466,71,2478,2026-06-27,5,5,5,5,"Best protein meal in Saharanpur, super fresh.",Approved
467,450,2040,2026-06-12,4,5,5,4,"Nice quality, will order again.",Approved
468,329,2283,2026-05-24,3,2,4,4,Portion was a bit small for the price.,Approved
469,203,578,2026-05-14,4,3,4,5,"Pretty good, just wish there were more spice options.",Approved
470,393,2412,2026-06-29,5,4,5,5,Exactly what I needed post workout. Highly recommend.,Approved
471,289,928,2026-06-27,4,4,5,4,Good food but delivery took a bit longer than expected.,Approved
472,483,2933,2026-05-19,4,5,5,3,Good food but delivery took a bit longer than expected.,Approved
473,305,33,2026-06-29,4,5,3,4,"Pretty good, just wish there were more spice options.",Approved
474,271,1704,2026-06-24,5,5,5,5,"Best protein meal in Saharanpur, super fresh.",Pending
475,36,2219,2026-06-29,5,5,5,5,"Best protein meal in Saharanpur, super fresh.",Approved
476,13,2519,2026-06-25,1,2,1,1,"Very disappointed, food arrived cold and late.",Approved
477,365,2248,2026-06-18,5,5,5,5,"Loved the bowl, will definitely order again!",Approved
478,228,1839,2026-06-21,1,1,1,1,Quality has gone down badly.,Approved
479,126,573,2026-07-04,5,5,5,5,"Loved the bowl, will definitely order again!",Approved
480,217,483,2026-06-01,2,2,1,2,Delivery was late and food was lukewarm.,Approved
481,232,2077,2026-06-02,3,2,3,3,"Average experience, food was okay.",Approved
482,58,72,2026-05-10,4,3,5,4,"Nice quality, will order again.",Approved
483,450,2364,2026-05-26,4,4,4,4,"Pretty good, just wish there were more spice options.",Approved
484,115,2432,2026-05-23,4,4,4,4,"Nice quality, will order again.",Approved
485,499,1335,2026-06-26,1,1,2,1,"Very disappointed, food arrived cold and late.",Approved
486,371,2986,2026-06-30,5,5,5,5,"Best protein meal in Saharanpur, super fresh.",Approved
487,175,2618,2026-06-22,5,4,5,4,"Loved the bowl, will definitely order again!",Approved
488,238,2899,2026-05-30,5,5,5,5,"Loved the bowl, will definitely order again!",Approved
489,279,821,2026-06-29,5,5,5,5,Exactly what I needed post workout. Highly recommend.,Approved
490,365,1412,2026-07-01,5,4,5,5,"Best protein meal in Saharanpur, super fresh.",Pending
491,317,717,2026-06-29,5,5,5,4,Great taste and perfectly packed.,Approved
492,377,1040,2026-06-27,5,5,5,5,"Macros were spot on, very happy with the quality.",Approved
493,111,2350,2026-07-02,4,4,3,5,"Tasty meal, portion could be slightly bigger.",Approved
494,274,1914,2026-06-16,4,5,3,3,Good food but delivery took a bit longer than expected.,Approved
495,10,2591,2026-02-19,5,5,5,5,"Best protein meal in Saharanpur, super fresh.",Approved
496,333,2885,2026-04-14,4,4,3,4,"Tasty meal, portion could be slightly bigger.",Approved
497,97,475,2026-05-24,5,5,5,5,Exactly what I needed post workout. Highly recommend.,Approved
498,336,1370,2026-06-30,4,4,4,4,"Pretty good, just wish there were more spice options.",Approved
499,496,258,2026-02-22,2,3,2,1,Below average taste this time.,Approved
500,97,551,2026-04-22,5,4,5,5,"Loved the bowl, will definitely order again!",Approved
501,347,1833,2026-06-20,4,5,4,3,"Pretty good, just wish there were more spice options.",Approved
502,341,115,2026-06-26,5,4,5,5,Exactly what I needed post workout. Highly recommend.,Approved
503,180,2515,2026-06-27,5,5,5,5,Great taste and perfectly packed.,Approved
504,194,1123,2026-06-13,2,3,2,1,Delivery was late and food was lukewarm.,Approved
505,128,1913,2026-06-21,5,5,5,5,Exactly what I needed post workout. Highly recommend.,Approved
506,31,177,2026-06-17,5,5,5,4,"Loved the bowl, will definitely order again!",Approved
507,61,2209,2026-04-27,2,2,2,2,Not as fresh as expected.,Approved
508,322,335,2026-06-14,5,5,5,5,Great taste and perfectly packed.,Approved
509,2,275,2026-06-27,4,4,4,5,"Tasty meal, portion could be slightly bigger.",Approved
510,462,2653,2026-06-23,5,4,5,5,"Best protein meal in Saharanpur, super fresh.",Approved
511,347,1274,2026-06-20,3,2,2,3,"Taste was fine, packaging could be better.",Approved
512,470,1546,2026-06-25,5,5,5,5,Great taste and perfectly packed.,Approved
513,450,1989,2026-05-28,2,3,3,1,Not as fresh as expected.,Approved
514,215,2083,2026-06-30,5,5,4,5,"Macros were spot on, very happy with the quality.",Approved
515,437,2361,2026-04-02,4,4,5,4,"Nice quality, will order again.",Approved
516,308,2728,2026-06-26,5,4,5,5,"Macros were spot on, very happy with the quality.",Approved
517,212,2326,2026-05-30,4,4,4,4,"Tasty meal, portion could be slightly bigger.",Approved
518,47,763,2026-06-23,4,4,3,4,"Pretty good, just wish there were more spice options.",Approved
519,241,1868,2026-06-02,5,5,5,5,"Best protein meal in Saharanpur, super fresh.",Approved
520,120,2424,2026-06-10,4,4,3,5,"Nice quality, will order again.",Pending
521,322,1462,2026-06-22,3,3,4,3,Portion was a bit small for the price.,Approved
522,367,2391,2026-07-01,5,5,5,5,Exactly what I needed post workout. Highly recommend.,Approved
523,299,501,2026-07-01,4,5,4,4,"Tasty meal, portion could be slightly bigger.",Pending
524,489,908,2026-05-07,4,3,5,4,"Tasty meal, portion could be slightly bigger.",Approved
525,42,170,2026-04-19,5,4,5,5,"Macros were spot on, very happy with the quality.",Approved
526,308,2349,2026-06-19,5,5,5,5,Great taste and perfectly packed.,Pending
527,291,1547,2026-07-01,4,3,5,4,"Nice quality, will order again.",Approved
528,377,2234,2026-06-26,5,5,5,5,Exactly what I needed post workout. Highly recommend.,Approved
529,74,1217,2026-07-03,4,4,4,4,Good food but delivery took a bit longer than expected.,Approved
530,408,2055,2026-06-27,5,5,4,5,Exactly what I needed post workout. Highly recommend.,Approved
531,156,1826,2026-05-26,3,3,4,3,"Taste was fine, packaging could be better.",Approved
532,221,106,2026-06-28,5,5,5,4,"Loved the bowl, will definitely order again!",Approved
533,343,341,2026-06-28,4,5,4,4,"Pretty good, just wish there were more spice options.",Approved
534,417,1947,2026-06-20,5,4,5,5,Great taste and perfectly packed.,Approved
535,277,803,2026-06-30,5,5,5,5,Great taste and perfectly packed.,Pending
536,163,602,2026-06-08,5,4,5,5,Exactly what I needed post workout. Highly recommend.,Approved
537,287,807,2026-06-19,3,3,3,4,"Taste was fine, packaging could be better.",Pending
538,370,285,2026-03-17,5,4,4,5,"Best protein meal in Saharanpur, super fresh.",Pending
539,403,1997,2026-06-10,5,5,4,4,Great taste and perfectly packed.,Approved
540,252,1519,2026-04-17,4,3,4,5,"Pretty good, just wish there were more spice options.",Approved
541,353,2305,2026-06-01,4,4,4,4,"Tasty meal, portion could be slightly bigger.",Approved
542,303,1553,2026-07-02,5,5,5,5,"Best protein meal in Saharanpur, super fresh.",Approved
543,99,195,2026-07-02,5,5,4,5,"Macros were spot on, very happy with the quality.",Approved
544,454,1598,2026-05-01,4,3,3,5,Good food but delivery took a bit longer than expected.,Approved
545,230,2538,2026-06-19,5,5,5,5,"Loved the bowl, will definitely order again!",Approved
546,87,846,2026-06-29,5,5,5,5,Exactly what I needed post workout. Highly recommend.,Approved
547,261,861,2026-06-26,4,4,4,4,Good food but delivery took a bit longer than expected.,Approved
548,349,522,2026-06-25,2,2,2,2,Delivery was late and food was lukewarm.,Approved
549,291,2221,2026-06-27,5,5,5,4,"Macros were spot on, very happy with the quality.",Approved
550,317,2430,2026-07-01,3,3,3,3,"Taste was fine, packaging could be better.",Approved
551,437,1900,2026-06-10,5,5,5,5,Exactly what I needed post workout. Highly recommend.,Approved
552,284,1104,2026-06-04,4,3,5,4,"Nice quality, will order again.",Pending
553,186,963,2026-07-02,5,5,5,5,"Loved the bowl, will definitely order again!",Approved
554,261,2408,2026-06-26,5,5,5,5,"Macros were spot on, very happy with the quality.",Approved
555,125,2753,2026-05-25,5,5,5,5,Exactly what I needed post workout. Highly recommend.,Approved
556,87,915,2026-06-28,5,5,5,5,Great taste and perfectly packed.,Approved
557,234,2145,2026-05-13,5,5,5,5,"Macros were spot on, very happy with the quality.",Approved
558,145,1762,2026-06-27,5,5,4,5,"Macros were spot on, very happy with the quality.",Approved
559,490,2041,2026-06-23,4,4,4,3,Good food but delivery took a bit longer than expected.,Approved
560,414,1134,2026-06-29,4,4,4,4,"Nice quality, will order again.",Approved
561,269,269,2026-05-19,5,5,5,4,Exactly what I needed post workout. Highly recommend.,Approved
562,212,1491,2026-06-15,4,4,4,3,"Pretty good, just wish there were more spice options.",Approved
563,318,1970,2026-06-29,2,3,2,3,Not as fresh as expected.,Approved
564,391,377,2026-07-02,5,5,5,5,Exactly what I needed post workout. Highly recommend.,Approved
565,109,835,2026-06-09,5,5,5,5,"Macros were spot on, very happy with the quality.",Approved
566,435,1047,2026-06-23,3,2,3,3,Portion was a bit small for the price.,Approved
567,262,2508,2026-06-30,4,4,4,4,"Pretty good, just wish there were more spice options.",Approved
568,190,1122,2026-07-02,5,5,4,5,Great taste and perfectly packed.,Approved
569,315,2626,2026-06-27,3,3,2,4,Portion was a bit small for the price.,Approved
570,41,2938,2026-06-24,4,4,4,4,"Nice quality, will order again.",Approved
571,136,2033,2026-05-18,3,3,3,4,"Taste was fine, packaging could be better.",Approved
572,352,485,2026-05-06,5,4,4,4,Exactly what I needed post workout. Highly recommend.,Approved
573,54,1959,2026-06-22,4,4,4,4,"Nice quality, will order again.",Approved
574,238,2224,2026-05-22,5,5,5,5,"Best protein meal in Saharanpur, super fresh.",Approved
575,40,857,2026-06-16,5,5,5,5,Great taste and perfectly packed.,Approved
576,153,851,2026-06-25,5,5,5,5,Exactly what I needed post workout. Highly recommend.,Approved
577,487,1447,2026-06-26,5,5,5,5,"Best protein meal in Saharanpur, super fresh.",Approved
578,327,2547,2026-06-22,4,4,4,4,"Nice quality, will order again.",Approved
579,409,2103,2026-06-04,1,2,1,2,"Won't be ordering again, bad experience.",Pending
580,305,2171,2026-07-02,5,5,5,5,"Macros were spot on, very happy with the quality.",Approved
581,159,287,2026-06-16,5,5,4,5,"Macros were spot on, very happy with the quality.",Approved
582,146,1152,2026-06-24,4,3,4,4,"Tasty meal, portion could be slightly bigger.",Approved
583,84,2441,2026-06-16,5,5,5,4,Exactly what I needed post workout. Highly recommend.,Pending
584,77,383,2026-06-04,5,5,5,5,Great taste and perfectly packed.,Approved
585,355,225,2026-06-12,4,4,4,5,"Pretty good, just wish there were more spice options.",Approved
586,27,2255,2026-07-03,4,4,4,3,"Nice quality, will order again.",Approved
587,189,991,2026-06-13,4,4,3,5,"Tasty meal, portion could be slightly bigger.",Approved
588,58,2945,2026-06-24,5,5,5,4,"Loved the bowl, will definitely order again!",Approved
589,207,1390,2026-06-17,5,5,5,4,"Loved the bowl, will definitely order again!",Approved
590,125,61,2026-06-11,5,5,4,4,"Loved the bowl, will definitely order again!",Pending
591,50,2782,2026-06-22,5,5,5,5,Exactly what I needed post workout. Highly recommend.,Approved
592,253,2159,2026-04-25,4,5,4,5,"Tasty meal, portion could be slightly bigger.",Approved
593,77,2625,2026-06-08,2,2,1,2,Not as fresh as expected.,Approved
594,82,249,2026-06-11,5,5,5,5,"Macros were spot on, very happy with the quality.",Approved
595,299,1583,2026-06-22,5,5,5,5,Great taste and perfectly packed.,Approved
596,480,1172,2026-06-22,5,5,5,5,"Macros were spot on, very happy with the quality.",Approved
597,91,2202,2026-06-25,5,4,5,5,"Best protein meal in Saharanpur, super fresh.",Approved
598,57,1498,2026-06-01,5,5,4,5,"Best protein meal in Saharanpur, super fresh.",Approved
599,44,873,2026-04-06,3,3,4,2,"Average experience, food was okay.",Approved
600,456,850,2026-06-24,5,5,5,5,"Best protein meal in Saharanpur, super fresh.",Approved
601,239,2143,2026-06-30,5,5,5,5,Great taste and perfectly packed.,Pending
602,70,74,2026-06-28,3,3,3,4,"Taste was fine, packaging could be better.",Approved
603,443,1803,2026-06-15,5,5,5,4,"Best protein meal in Saharanpur, super fresh.",Approved
604,179,1554,2026-05-26,4,3,3,4,"Tasty meal, portion could be slightly bigger.",Approved
605,289,1075,2026-07-03,3,3,3,4,Decent but nothing special.,Approved
606,481,725,2026-06-24,5,5,5,5,"Best protein meal in Saharanpur, super fresh.",Approved
607,68,2370,2026-07-03,2,2,2,2,Below average taste this time.,Approved
608,336,1113,2026-06-06,4,4,5,5,"Pretty good, just wish there were more spice options.",Approved
609,436,2764,2026-06-09,5,4,4,5,"Best protein meal in Saharanpur, super fresh.",Approved
610,70,1018,2026-05-31,2,1,2,2,Below average taste this time.,Approved
611,19,1933,2026-06-18,3,2,2,4,"Taste was fine, packaging could be better.",Approved
612,488,1100,2026-06-19,4,5,4,4,"Nice quality, will order again.",Pending
613,429,1605,2026-06-30,5,5,5,5,Great taste and perfectly packed.,Approved
614,141,1894,2026-07-01,2,2,2,2,Below average taste this time.,Approved
615,438,304,2026-06-24,5,4,5,4,"Macros were spot on, very happy with the quality.",Approved
616,193,1228,2026-06-18,4,4,3,4,"Pretty good, just wish there were more spice options.",Approved
617,174,2425,2026-06-28,2,3,1,2,Not as fresh as expected.,Approved
618,463,1523,2026-06-23,5,5,4,5,"Best protein meal in Saharanpur, super fresh.",Approved
619,403,1963,2026-06-27,5,5,5,5,"Loved the bowl, will definitely order again!",Approved
620,409,647,2026-06-30,5,5,4,5,Great taste and perfectly packed.,Approved
621,296,2245,2026-06-10,4,3,3,4,"Tasty meal, portion could be slightly bigger.",Approved
622,75,2060,2026-06-28,5,5,4,4,"Loved the bowl, will definitely order again!",Approved
623,104,2722,2026-04-28,5,5,5,5,"Loved the bowl, will definitely order again!",Approved
624,11,480,2026-07-02,5,5,5,5,Great taste and perfectly packed.,Approved
625,147,552,2026-05-28,2,3,1,2,Portion size has reduced compared to before.,Approved
626,353,81,2026-06-19,5,5,5,5,"Best protein meal in Saharanpur, super fresh.",Approved
627,168,1756,2026-06-29,4,3,4,4,"Pretty good, just wish there were more spice options.",Approved
628,253,567,2026-06-18,4,4,4,3,"Pretty good, just wish there were more spice options.",Approved
629,305,1374,2026-06-27,5,5,5,5,Great taste and perfectly packed.,Pending
630,235,1394,2026-07-02,4,4,3,5,"Pretty good, just wish there were more spice options.",Approved
631,271,1382,2026-06-27,3,2,3,3,"Taste was fine, packaging could be better.",Approved
632,295,1908,2026-04-17,3,3,3,3,"Taste was fine, packaging could be better.",Approved
633,493,1190,2026-06-27,5,5,5,4,Great taste and perfectly packed.,Approved
634,228,2097,2026-07-03,5,5,5,4,Great taste and perfectly packed.,Approved
635,63,734,2026-06-21,4,5,3,5,"Pretty good, just wish there were more spice options.",Approved
636,364,524,2026-06-26,4,4,4,4,Good food but delivery took a bit longer than expected.,Approved
637,304,2113,2026-06-21,4,4,3,3,Good food but delivery took a bit longer than expected.,Approved
638,398,2559,2026-06-22,4,5,5,3,"Tasty meal, portion could be slightly bigger.",Approved
639,13,909,2026-06-30,5,5,5,5,Great taste and perfectly packed.,Approved
640,165,478,2026-06-19,2,2,2,1,Below average taste this time.,Approved
641,340,1684,2026-05-24,2,3,2,2,Not as fresh as expected.,Approved
642,430,2949,2026-05-26,4,4,4,3,"Tasty meal, portion could be slightly bigger.",Approved
643,494,180,2026-06-27,5,5,4,5,"Macros were spot on, very happy with the quality.",Approved
644,257,63,2026-05-31,5,5,4,5,"Macros were spot on, very happy with the quality.",Approved
645,495,664,2026-07-01,5,5,5,5,Exactly what I needed post workout. Highly recommend.,Approved
646,360,576,2026-06-23,5,4,4,5,Exactly what I needed post workout. Highly recommend.,Approved
647,276,53,2026-06-22,5,4,5,5,Exactly what I needed post workout. Highly recommend.,Approved
648,186,1635,2026-06-30,2,3,2,2,Delivery was late and food was lukewarm.,Approved
649,418,2099,2026-05-30,5,4,5,4,"Loved the bowl, will definitely order again!",Approved
650,5,2923,2026-05-25,5,5,5,4,"Macros were spot on, very happy with the quality.",Approved
651,210,52,2026-06-18,5,5,5,5,"Macros were spot on, very happy with the quality.",Approved
652,47,1343,2026-06-22,5,5,5,5,"Loved the bowl, will definitely order again!",Approved
653,387,1182,2026-06-29,5,4,5,4,"Best protein meal in Saharanpur, super fresh.",Approved
654,24,1309,2026-06-13,5,5,5,4,"Macros were spot on, very happy with the quality.",Approved
655,405,687,2026-06-12,5,5,5,4,Exactly what I needed post workout. Highly recommend.,Approved
656,36,1198,2026-06-30,5,5,5,5,"Macros were spot on, very happy with the quality.",Pending
657,351,2046,2026-06-13,4,4,4,4,"Nice quality, will order again.",Approved
658,26,1229,2026-05-29,5,5,5,5,Great taste and perfectly packed.,Approved
659,100,28,2026-06-02,3,2,2,3,Portion was a bit small for the price.,Approved
660,248,844,2026-06-25,5,5,5,5,"Loved the bowl, will definitely order again!",Pending
661,8,2125,2026-06-11,4,4,3,4,"Tasty meal, portion could be slightly bigger.",Approved
662,13,2092,2026-06-26,5,5,5,5,Great taste and perfectly packed.,Approved
663,58,2375,2026-05-04,3,3,2,2,Portion was a bit small for the price.,Approved
664,117,2064,2026-07-02,5,4,5,5,Great taste and perfectly packed.,Approved
665,99,393,2026-06-29,4,3,5,3,"Nice quality, will order again.",Approved
666,189,1606,2026-06-05,5,5,5,5,"Loved the bowl, will definitely order again!",Approved
667,12,1540,2026-06-13,5,5,5,5,Great taste and perfectly packed.,Pending
668,3,2327,2026-06-11,5,4,4,4,Great taste and perfectly packed.,Approved
669,275,1703,2026-07-03,2,2,2,2,Portion size has reduced compared to before.,Approved
670,367,2669,2026-07-02,5,5,5,5,Great taste and perfectly packed.,Approved
671,71,2631,2026-04-15,5,5,5,5,Great taste and perfectly packed.,Approved
672,404,1934,2026-05-24,4,4,5,4,"Nice quality, will order again.",Approved
673,81,2927,2026-07-04,2,1,2,3,Delivery was late and food was lukewarm.,Approved
674,331,261,2026-06-03,4,4,5,4,"Pretty good, just wish there were more spice options.",Approved
675,107,2218,2026-05-10,5,5,5,5,"Best protein meal in Saharanpur, super fresh.",Approved
676,291,632,2026-07-03,2,2,1,2,Not as fresh as expected.,Approved
677,316,2298,2026-06-16,2,2,1,3,Portion size has reduced compared to before.,Approved
678,292,1727,2026-06-25,3,3,4,3,"Taste was fine, packaging could be better.",Approved
679,140,2845,2026-06-01,5,5,5,5,Great taste and perfectly packed.,Approved
680,333,2939,2026-02-28,5,5,5,5,"Best protein meal in Saharanpur, super fresh.",Approved
681,213,380,2026-06-24,3,2,2,2,"Taste was fine, packaging could be better.",Approved
682,95,2751,2026-06-04,4,3,4,5,"Pretty good, just wish there were more spice options.",Approved
683,287,2127,2026-06-18,5,4,5,5,"Best protein meal in Saharanpur, super fresh.",Approved
684,270,2114,2026-06-12,5,5,5,5,"Loved the bowl, will definitely order again!",Approved
685,87,2568,2026-06-28,4,5,5,4,"Nice quality, will order again.",Approved
686,368,1147,2026-06-19,5,5,4,5,"Macros were spot on, very happy with the quality.",Approved
687,448,2286,2026-06-27,1,1,1,1,"Won't be ordering again, bad experience.",Approved
688,458,1403,2026-06-24,4,4,4,5,"Pretty good, just wish there were more spice options.",Approved
689,71,1006,2026-05-31,5,5,5,4,"Best protein meal in Saharanpur, super fresh.",Approved
690,114,712,2026-03-30,5,5,4,4,Great taste and perfectly packed.,Approved
691,290,1769,2026-06-23,3,3,4,4,Portion was a bit small for the price.,Approved
692,9,1791,2026-06-28,5,5,5,4,"Loved the bowl, will definitely order again!",Approved
693,393,1143,2026-06-25,1,2,1,1,Quality has gone down badly.,Pending
694,256,2462,2026-06-26,5,5,5,4,Exactly what I needed post workout. Highly recommend.,Approved
695,89,1344,2026-06-22,5,5,5,5,Exactly what I needed post workout. Highly recommend.,Approved
696,287,1416,2026-06-03,5,5,5,5,"Macros were spot on, very happy with the quality.",Approved
697,146,1219,2026-06-13,5,5,5,4,"Best protein meal in Saharanpur, super fresh.",Approved
698,332,889,2026-05-12,5,5,5,5,"Loved the bowl, will definitely order again!",Approved
699,19,585,2026-06-04,5,5,4,4,"Macros were spot on, very happy with the quality.",Approved
700,408,827,2026-06-29,1,2,1,1,Quality has gone down badly.,Approved
701,198,1405,2026-06-05,2,2,3,2,Portion size has reduced compared to before.,Approved
702,245,2367,2026-06-17,5,5,5,4,Exactly what I needed post workout. Highly recommend.,Approved
703,182,2867,2026-05-29,3,4,3,3,Decent but nothing special.,Approved
704,497,2695,2026-06-28,4,4,5,4,"Nice quality, will order again.",Approved
705,174,1889,2026-06-25,5,4,5,5,"Best protein meal in Saharanpur, super fresh.",Approved
706,317,1757,2026-07-02,5,4,5,4,"Loved the bowl, will definitely order again!",Approved
707,46,1865,2026-05-23,5,4,5,5,Great taste and perfectly packed.,Approved
708,56,1419,2026-04-26,5,4,5,4,"Best protein meal in Saharanpur, super fresh.",Approved
709,472,129,2026-06-16,4,3,3,4,"Nice quality, will order again.",Approved
710,492,1042,2026-06-30,5,4,5,5,"Macros were spot on, very happy with the quality.",Approved
711,468,887,2026-04-23,5,4,4,5,Great taste and perfectly packed.,Approved
712,117,673,2026-06-24,5,5,4,4,Exactly what I needed post workout. Highly recommend.,Approved
713,290,444,2026-06-30,5,5,5,5,Exactly what I needed post workout. Highly recommend.,Approved
714,239,1695,2026-06-28,5,5,5,4,Great taste and perfectly packed.,Approved
715,209,2546,2026-06-22,5,5,5,5,"Best protein meal in Saharanpur, super fresh.",Approved
716,72,1054,2026-06-24,5,5,5,5,"Best protein meal in Saharanpur, super fresh.",Approved
717,429,541,2026-06-26,4,4,5,3,"Pretty good, just wish there were more spice options.",Approved
718,285,2963,2026-06-21,5,5,5,5,"Macros were spot on, very happy with the quality.",Approved
719,244,371,2026-06-02,5,5,5,4,Exactly what I needed post workout. Highly recommend.,Approved
720,267,2265,2026-07-01,4,4,5,3,"Pretty good, just wish there were more spice options.",Approved
721,61,325,2026-07-01,5,4,4,5,Great taste and perfectly packed.,Approved
722,490,3000,2026-06-26,5,5,4,5,"Best protein meal in Saharanpur, super fresh.",Pending
723,186,848,2026-06-27,5,5,4,4,"Macros were spot on, very happy with the quality.",Pending
724,84,1864,2026-05-28,5,5,5,5,"Best protein meal in Saharanpur, super fresh.",Approved
725,476,913,2026-06-10,4,4,3,4,"Tasty meal, portion could be slightly bigger.",Approved
726,54,1977,2026-05-11,4,4,5,4,Good food but delivery took a bit longer than expected.,Approved
727,290,1555,2026-06-27,5,5,5,4,"Loved the bowl, will definitely order again!",Approved
728,18,240,2026-05-18,5,5,5,4,Exactly what I needed post workout. Highly recommend.,Approved
729,172,1503,2026-06-08,4,4,4,4,"Nice quality, will order again.",Approved
730,425,1808,2026-06-27,4,4,4,4,"Pretty good, just wish there were more spice options.",Approved
731,236,489,2026-06-27,3,3,3,3,Decent but nothing special.,Approved
732,262,2411,2026-06-24,5,5,5,5,"Loved the bowl, will definitely order again!",Approved
733,334,89,2026-06-22,5,5,5,5,"Best protein meal in Saharanpur, super fresh.",Approved
734,273,1375,2026-06-19,4,4,4,4,"Tasty meal, portion could be slightly bigger.",Approved
735,45,676,2026-05-21,3,3,3,3,Decent but nothing special.,Approved
736,381,290,2026-06-05,4,4,5,4,"Pretty good, just wish there were more spice options.",Approved
737,95,828,2026-06-22,5,5,5,4,Exactly what I needed post workout. Highly recommend.,Approved
738,350,316,2026-07-01,2,2,2,3,Delivery was late and food was lukewarm.,Approved
739,169,1882,2026-06-15,3,4,2,3,Portion was a bit small for the price.,Approved
740,28,1647,2026-06-14,2,1,2,2,Below average taste this time.,Approved
741,128,1728,2026-06-20,5,4,4,4,"Macros were spot on, very happy with the quality.",Approved
742,393,454,2026-07-01,5,4,5,5,Great taste and perfectly packed.,Approved
743,166,514,2026-06-02,5,5,5,5,Great taste and perfectly packed.,Approved
744,199,1371,2026-07-02,5,5,5,5,Exactly what I needed post workout. Highly recommend.,Approved
745,10,1145,2026-03-15,4,4,4,5,"Tasty meal, portion could be slightly bigger.",Approved
746,35,1511,2026-06-21,5,5,4,4,Exactly what I needed post workout. Highly recommend.,Pending
747,490,2468,2026-06-29,5,4,4,5,"Best protein meal in Saharanpur, super fresh.",Approved
748,263,2908,2026-07-02,3,3,2,3,"Taste was fine, packaging could be better.",Approved
749,439,709,2026-06-21,1,1,2,1,"Very disappointed, food arrived cold and late.",Approved
750,165,2270,2026-06-15,4,4,4,5,"Tasty meal, portion could be slightly bigger.",Approved
751,186,2339,2026-06-25,5,5,5,5,Great taste and perfectly packed.,Approved
752,29,1192,2026-05-29,3,3,4,4,Decent but nothing special.,Approved
753,304,372,2026-05-15,3,3,4,3,"Taste was fine, packaging could be better.",Approved
754,67,2758,2026-06-12,2,2,1,2,Not as fresh as expected.,Approved
755,228,2991,2026-06-22,3,3,3,3,Decent but nothing special.,Approved
756,308,1289,2026-06-23,4,4,4,4,Good food but delivery took a bit longer than expected.,Approved
757,335,303,2026-04-10,5,5,5,5,"Loved the bowl, will definitely order again!",Approved
758,319,2392,2026-04-27,4,3,4,4,"Pretty good, just wish there were more spice options.",Pending
759,401,1096,2026-06-12,5,5,5,5,Great taste and perfectly packed.,Approved
760,150,1558,2026-04-12,5,5,5,5,"Loved the bowl, will definitely order again!",Pending
761,61,1550,2026-06-25,4,4,4,3,"Pretty good, just wish there were more spice options.",Approved
762,354,21,2026-07-02,4,4,3,4,"Pretty good, just wish there were more spice options.",Approved
763,321,666,2026-06-28,2,3,2,3,Not as fresh as expected.,Approved
764,433,698,2026-06-29,5,5,5,5,"Loved the bowl, will definitely order again!",Approved
765,385,1764,2026-06-29,5,5,5,5,"Best protein meal in Saharanpur, super fresh.",Approved
766,415,1170,2026-06-20,5,5,5,5,"Best protein meal in Saharanpur, super fresh.",Approved
767,425,1952,2026-05-21,5,4,5,5,"Loved the bowl, will definitely order again!",Approved
768,273,1602,2026-05-07,2,2,2,2,Not as fresh as expected.,Approved
769,280,1426,2026-05-09,5,5,5,4,"Best protein meal in Saharanpur, super fresh.",Approved
770,408,2463,2026-06-28,5,5,4,5,"Macros were spot on, very happy with the quality.",Approved
771,87,1207,2026-06-25,5,5,5,4,"Best protein meal in Saharanpur, super fresh.",Approved
772,366,1452,2026-06-24,5,5,4,5,"Loved the bowl, will definitely order again!",Approved
773,239,2523,2026-06-25,5,5,4,4,Great taste and perfectly packed.,Pending
774,178,2144,2026-06-20,4,4,4,5,"Pretty good, just wish there were more spice options.",Approved
775,321,1499,2026-05-23,5,5,4,5,"Best protein meal in Saharanpur, super fresh.",Approved
776,150,2481,2026-06-04,5,5,5,5,Exactly what I needed post workout. Highly recommend.,Pending
777,362,735,2026-07-02,5,5,5,5,Exactly what I needed post workout. Highly recommend.,Approved
778,166,1398,2026-04-08,3,3,3,4,"Average experience, food was okay.",Pending
779,188,2813,2026-06-25,2,1,3,1,Not as fresh as expected.,Approved
780,300,2048,2026-06-23,3,3,2,3,Decent but nothing special.,Approved
781,169,2556,2026-06-11,4,5,4,3,"Pretty good, just wish there were more spice options.",Pending
782,212,239,2026-06-17,5,5,5,5,Great taste and perfectly packed.,Approved
783,183,653,2026-06-10,2,2,2,2,Not as fresh as expected.,Approved
784,60,1165,2026-07-02,1,1,1,1,"Very disappointed, food arrived cold and late.",Approved
785,295,1566,2026-05-26,4,3,5,4,"Pretty good, just wish there were more spice options.",Approved
786,44,329,2026-04-18,5,4,4,5,Great taste and perfectly packed.,Approved
787,45,56,2026-04-24,2,1,2,2,Delivery was late and food was lukewarm.,Approved
788,325,2061,2026-06-18,5,5,5,5,Great taste and perfectly packed.,Approved
789,60,1127,2026-07-01,4,3,4,4,"Tasty meal, portion could be slightly bigger.",Approved
790,441,1109,2026-06-17,4,3,5,3,Good food but delivery took a bit longer than expected.,Approved
791,282,986,2026-05-12,5,5,5,4,"Loved the bowl, will definitely order again!",Approved
792,151,373,2026-06-28,4,4,4,5,Good food but delivery took a bit longer than expected.,Approved
793,495,1715,2026-06-09,5,4,5,5,"Loved the bowl, will definitely order again!",Pending
794,282,1576,2026-06-01,5,5,5,4,Great taste and perfectly packed.,Approved
795,179,973,2026-06-14,1,2,1,1,"Won't be ordering again, bad experience.",Approved
796,415,702,2026-07-03,2,1,2,1,Portion size has reduced compared to before.,Approved
797,440,2638,2026-05-25,5,5,5,5,Great taste and perfectly packed.,Approved
798,243,2277,2026-06-28,5,4,4,5,"Best protein meal in Saharanpur, super fresh.",Approved
799,488,1748,2026-06-28,4,3,5,3,"Nice quality, will order again.",Pending
800,337,2739,2026-07-04,5,5,5,5,Exactly what I needed post workout. Highly recommend.,Approved
801,444,2673,2026-06-29,5,5,5,5,"Loved the bowl, will definitely order again!",Approved
802,375,2829,2026-06-24,2,1,2,3,Portion size has reduced compared to before.,Pending
803,227,2003,2026-07-02,2,3,3,3,Below average taste this time.,Approved
804,467,1461,2026-06-29,5,5,5,5,"Macros were spot on, very happy with the quality.",Approved
805,270,208,2026-06-29,5,4,5,5,Great taste and perfectly packed.,Approved
806,85,865,2026-06-27,5,5,5,5,"Macros were spot on, very happy with the quality.",Approved
807,303,190,2026-06-05,4,4,3,5,"Nice quality, will order again.",Approved
808,341,2172,2026-06-15,4,3,4,4,"Nice quality, will order again.",Approved
809,294,897,2026-06-24,5,5,5,5,"Best protein meal in Saharanpur, super fresh.",Approved
810,53,1937,2026-06-22,1,1,2,1,Order was wrong and support was slow to respond.,Approved
811,253,2369,2026-05-24,5,4,4,5,Exactly what I needed post workout. Highly recommend.,Approved
812,127,1090,2026-06-16,5,5,5,5,"Best protein meal in Saharanpur, super fresh.",Approved
813,437,723,2026-06-20,4,4,4,4,Good food but delivery took a bit longer than expected.,Approved
814,203,2020,2026-05-22,4,4,4,5,"Pretty good, just wish there were more spice options.",Approved
815,10,136,2026-06-26,5,5,4,5,Exactly what I needed post workout. Highly recommend.,Approved
816,169,369,2026-06-30,5,5,4,4,"Best protein meal in Saharanpur, super fresh.",Approved
817,382,2222,2026-06-24,5,5,5,5,Exactly what I needed post workout. Highly recommend.,Approved
818,489,1005,2026-06-20,5,4,5,5,"Macros were spot on, very happy with the quality.",Approved
819,284,1678,2026-06-02,1,1,2,2,Quality has gone down badly.,Pending
820,13,1586,2026-06-25,4,4,4,4,"Pretty good, just wish there were more spice options.",Pending
821,147,333,2026-06-03,5,4,5,5,"Loved the bowl, will definitely order again!",Approved
822,436,877,2026-06-20,5,5,5,5,"Loved the bowl, will definitely order again!",Approved
823,475,692,2026-07-03,5,4,5,5,Exactly what I needed post workout. Highly recommend.,Approved
824,31,420,2026-04-26,5,5,5,4,Great taste and perfectly packed.,Approved
825,354,2652,2026-06-12,4,4,3,4,"Pretty good, just wish there were more spice options.",Approved
826,448,2781,2026-06-07,5,5,5,5,"Macros were spot on, very happy with the quality.",Approved
827,384,2847,2026-06-29,4,4,4,3,"Pretty good, just wish there were more spice options.",Approved
828,156,193,2026-06-20,5,5,5,5,Great taste and perfectly packed.,Approved
829,94,464,2026-05-30,5,5,5,4,"Best protein meal in Saharanpur, super fresh.",Approved
830,119,538,2026-06-29,5,4,5,5,Great taste and perfectly packed.,Approved
831,233,199,2026-06-29,5,5,5,4,Exactly what I needed post workout. Highly recommend.,Approved
832,116,1982,2026-06-18,5,4,5,4,"Macros were spot on, very happy with the quality.",Approved
833,446,2955,2026-05-24,3,4,2,3,"Average experience, food was okay.",Approved
834,454,200,2026-06-04,5,4,5,4,"Best protein meal in Saharanpur, super fresh.",Approved
835,429,926,2026-06-29,5,5,5,5,Exactly what I needed post workout. Highly recommend.,Approved
836,165,1260,2026-06-25,4,5,3,5,"Pretty good, just wish there were more spice options.",Approved
837,43,2427,2026-05-28,4,3,4,4,"Pretty good, just wish there were more spice options.",Approved
838,100,2169,2026-05-09,5,5,5,5,Exactly what I needed post workout. Highly recommend.,Approved
839,348,874,2026-06-26,5,5,5,5,"Best protein meal in Saharanpur, super fresh.",Approved
840,250,1935,2026-06-28,5,5,5,4,"Best protein meal in Saharanpur, super fresh.",Approved
841,280,1332,2026-06-13,3,3,2,3,Portion was a bit small for the price.,Approved
842,483,2513,2026-05-14,5,4,5,4,"Best protein meal in Saharanpur, super fresh.",Approved
843,473,1199,2026-06-08,5,5,4,5,"Loved the bowl, will definitely order again!",Approved
844,84,1761,2026-06-28,4,5,4,3,"Pretty good, just wish there were more spice options.",Pending
845,164,531,2026-05-12,5,5,4,5,"Macros were spot on, very happy with the quality.",Approved
846,495,1736,2026-05-06,3,2,4,4,Decent but nothing special.,Approved
847,435,1193,2026-06-17,4,5,4,4,"Pretty good, just wish there were more spice options.",Approved
848,335,746,2026-05-12,5,5,5,4,"Loved the bowl, will definitely order again!",Approved
849,34,2711,2026-06-29,5,5,4,5,"Loved the bowl, will definitely order again!",Approved
850,339,1003,2026-06-13,5,5,4,5,"Loved the bowl, will definitely order again!",Approved
851,161,1087,2026-06-28,2,1,2,2,Below average taste this time.,Approved
852,404,817,2026-04-05,4,5,3,4,"Nice quality, will order again.",Approved
853,364,2403,2026-07-02,5,5,5,4,"Macros were spot on, very happy with the quality.",Approved
854,463,1968,2026-05-25,4,4,4,3,"Nice quality, will order again.",Approved
855,12,1945,2026-05-29,4,4,5,4,Good food but delivery took a bit longer than expected.,Approved
856,116,124,2026-05-17,5,5,5,5,Exactly what I needed post workout. Highly recommend.,Approved
857,384,2063,2026-06-18,5,5,5,5,Great taste and perfectly packed.,Approved
858,458,1341,2026-06-26,4,4,4,3,"Tasty meal, portion could be slightly bigger.",Approved
859,157,306,2026-06-27,5,5,5,5,"Macros were spot on, very happy with the quality.",Approved
860,160,2629,2026-06-30,4,4,3,5,"Tasty meal, portion could be slightly bigger.",Approved
861,117,2355,2026-06-27,5,5,5,5,Exactly what I needed post workout. Highly recommend.,Approved
862,439,2328,2026-06-13,5,5,5,4,"Loved the bowl, will definitely order again!",Approved
863,416,2803,2026-06-22,3,3,3,3,"Taste was fine, packaging could be better.",Approved
864,227,2742,2026-06-28,5,5,4,5,Great taste and perfectly packed.,Approved
865,70,1759,2026-05-22,2,2,1,1,Delivery was late and food was lukewarm.,Approved
866,56,1482,2026-06-25,5,5,5,5,Exactly what I needed post workout. Highly recommend.,Approved
867,153,2217,2026-05-23,5,5,5,5,Great taste and perfectly packed.,Approved
868,127,400,2026-05-31,5,4,4,5,Great taste and perfectly packed.,Approved
869,289,2846,2026-06-26,5,5,5,5,Exactly what I needed post workout. Highly recommend.,Approved
870,406,2398,2026-07-01,3,4,4,4,Portion was a bit small for the price.,Approved
871,217,603,2026-06-28,5,4,5,4,"Best protein meal in Saharanpur, super fresh.",Approved
872,100,2499,2026-06-25,5,4,4,5,Great taste and perfectly packed.,Approved
873,382,2533,2026-06-28,5,5,5,5,Great taste and perfectly packed.,Approved
874,64,330,2026-06-03,5,5,5,5,"Loved the bowl, will definitely order again!",Approved
875,302,1701,2026-06-02,5,4,4,5,"Loved the bowl, will definitely order again!",Approved
876,67,220,2026-06-30,4,3,3,4,Good food but delivery took a bit longer than expected.,Approved
877,316,1258,2026-06-17,5,5,5,5,"Loved the bowl, will definitely order again!",Approved
878,70,2230,2026-06-04,2,2,3,2,Portion size has reduced compared to before.,Approved
879,275,126,2026-06-29,5,5,5,5,"Macros were spot on, very happy with the quality.",Approved
880,443,308,2026-05-04,4,4,4,4,"Tasty meal, portion could be slightly bigger.",Approved
881,256,623,2026-06-16,4,4,3,4,"Tasty meal, portion could be slightly bigger.",Approved
882,136,2351,2026-06-18,5,4,5,5,"Macros were spot on, very happy with the quality.",Approved
883,413,2019,2026-06-25,4,4,4,4,"Pretty good, just wish there were more spice options.",Approved
884,144,1879,2026-06-29,4,5,4,4,"Tasty meal, portion could be slightly bigger.",Approved
885,372,2506,2026-06-30,5,5,5,5,Great taste and perfectly packed.,Pending
886,140,300,2026-05-31,4,4,5,4,"Tasty meal, portion could be slightly bigger.",Approved
887,288,1313,2026-03-21,2,3,2,3,Portion size has reduced compared to before.,Approved
888,226,279,2026-05-02,3,3,4,3,"Taste was fine, packaging could be better.",Approved
889,82,391,2026-04-23,4,5,4,3,"Nice quality, will order again.",Approved
890,10,1068,2026-04-19,4,4,5,4,Good food but delivery took a bit longer than expected.,Approved
891,146,2884,2026-06-29,3,4,3,3,"Average experience, food was okay.",Approved
892,475,1658,2026-06-28,5,5,5,4,Great taste and perfectly packed.,Approved
893,125,656,2026-06-10,3,3,4,3,"Average experience, food was okay.",Approved
894,349,1162,2026-06-12,3,3,3,3,"Average experience, food was okay.",Approved
895,238,2743,2026-04-24,5,5,5,5,Exactly what I needed post workout. Highly recommend.,Approved
896,251,684,2026-06-24,4,4,4,4,"Pretty good, just wish there were more spice options.",Approved
897,454,1674,2026-05-16,5,5,5,5,"Loved the bowl, will definitely order again!",Approved
898,262,2269,2026-06-26,3,4,3,3,Decent but nothing special.,Approved
899,498,1181,2026-06-21,5,5,5,5,"Macros were spot on, very happy with the quality.",Approved
900,222,312,2026-06-28,1,1,1,2,"Very disappointed, food arrived cold and late.",Approved
901,446,2601,2026-05-30,5,5,5,4,"Loved the bowl, will definitely order again!",Pending
902,201,326,2026-06-12,5,4,4,4,Exactly what I needed post workout. Highly recommend.,Approved
903,100,1580,2026-06-29,5,4,5,5,"Best protein meal in Saharanpur, super fresh.",Pending
904,224,2969,2026-05-09,4,5,5,3,"Tasty meal, portion could be slightly bigger.",Pending
905,167,461,2026-06-29,2,1,1,3,Not as fresh as expected.,Approved
906,397,2308,2026-06-19,4,5,4,4,Good food but delivery took a bit longer than expected.,Approved
907,255,2190,2026-06-20,4,5,4,4,"Tasty meal, portion could be slightly bigger.",Approved
908,176,2104,2026-05-26,5,4,4,5,Exactly what I needed post workout. Highly recommend.,Approved
909,351,176,2026-06-26,5,5,5,5,Exactly what I needed post workout. Highly recommend.,Approved
910,194,70,2026-05-22,1,1,1,2,Quality has gone down badly.,Approved
911,280,2178,2026-06-18,5,5,5,5,"Best protein meal in Saharanpur, super fresh.",Pending
912,341,925,2026-06-23,5,4,5,5,Exactly what I needed post workout. Highly recommend.,Approved
913,299,962,2026-06-16,5,4,5,4,"Best protein meal in Saharanpur, super fresh.",Approved
914,368,2966,2026-06-24,5,4,5,5,"Best protein meal in Saharanpur, super fresh.",Approved
915,254,1625,2026-06-15,5,5,5,5,"Loved the bowl, will definitely order again!",Approved
916,85,801,2026-06-20,5,5,5,4,"Best protein meal in Saharanpur, super fresh.",Approved
917,186,1592,2026-06-26,5,4,5,5,"Best protein meal in Saharanpur, super fresh.",Approved
918,128,1218,2026-05-31,1,2,1,1,Order was wrong and support was slow to respond.,Approved
919,434,250,2026-06-22,2,2,3,2,Portion size has reduced compared to before.,Approved
920,37,2088,2026-06-24,4,5,5,4,"Tasty meal, portion could be slightly bigger.",Approved
921,155,2905,2026-06-23,2,2,3,2,Below average taste this time.,Approved
922,484,1712,2026-06-26,5,5,5,5,Great taste and perfectly packed.,Approved
923,385,2735,2026-06-30,4,5,4,5,Good food but delivery took a bit longer than expected.,Approved
924,415,1880,2026-06-24,3,2,3,3,Decent but nothing special.,Approved
925,35,2028,2026-06-26,5,4,5,5,"Loved the bowl, will definitely order again!",Approved
926,43,1338,2026-06-07,5,5,4,5,Exactly what I needed post workout. Highly recommend.,Approved
927,45,2000,2026-05-24,4,3,4,4,"Pretty good, just wish there were more spice options.",Pending
928,184,904,2026-06-23,5,4,5,5,"Macros were spot on, very happy with the quality.",Approved
929,56,1424,2026-06-18,5,4,5,5,"Best protein meal in Saharanpur, super fresh.",Approved
930,28,409,2026-06-23,5,5,5,5,Great taste and perfectly packed.,Approved
931,71,1993,2026-06-02,4,4,4,4,"Nice quality, will order again.",Pending
932,109,2025,2026-06-25,5,5,5,5,Exactly what I needed post workout. Highly recommend.,Approved
933,116,1643,2026-05-22,4,5,4,4,"Tasty meal, portion could be slightly bigger.",Approved
934,332,323,2026-06-27,4,4,5,4,"Pretty good, just wish there were more spice options.",Pending
935,450,649,2026-06-30,3,3,2,4,Decent but nothing special.,Approved
936,314,1954,2026-06-23,5,5,4,4,"Loved the bowl, will definitely order again!",Approved
937,350,810,2026-06-18,5,5,5,4,"Best protein meal in Saharanpur, super fresh.",Approved
938,363,105,2026-06-25,4,4,4,4,"Pretty good, just wish there were more spice options.",Approved
939,120,1206,2026-06-27,3,2,3,3,Portion was a bit small for the price.,Approved
940,422,1585,2026-06-26,4,4,4,3,Good food but delivery took a bit longer than expected.,Pending
941,440,935,2026-05-09,5,5,5,4,"Macros were spot on, very happy with the quality.",Approved
942,323,794,2026-05-06,4,4,4,5,"Tasty meal, portion could be slightly bigger.",Pending
943,1,2035,2026-06-26,5,5,4,4,Great taste and perfectly packed.,Approved
944,135,1221,2026-06-29,4,5,4,3,"Tasty meal, portion could be slightly bigger.",Approved
945,204,1641,2026-05-21,4,4,4,4,"Nice quality, will order again.",Approved
946,311,574,2026-04-22,5,5,5,4,"Loved the bowl, will definitely order again!",Approved
947,33,1640,2026-06-27,4,5,4,4,"Pretty good, just wish there were more spice options.",Approved
948,217,1086,2026-06-28,5,4,5,5,Great taste and perfectly packed.,Approved
949,334,1962,2026-06-24,4,4,4,4,Good food but delivery took a bit longer than expected.,Approved
950,403,691,2026-06-21,5,5,5,5,"Loved the bowl, will definitely order again!",Approved
951,70,2642,2026-06-23,4,3,4,3,Good food but delivery took a bit longer than expected.,Approved
952,425,201,2026-05-15,5,5,5,5,"Best protein meal in Saharanpur, super fresh.",Approved
953,16,2987,2026-06-20,5,5,4,4,"Best protein meal in Saharanpur, super fresh.",Approved
954,313,1738,2026-04-20,5,5,5,5,Exactly what I needed post workout. Highly recommend.,Approved
955,198,1014,2026-06-13,5,5,5,4,"Best protein meal in Saharanpur, super fresh.",Approved
956,371,1300,2026-07-02,4,4,4,4,"Pretty good, just wish there were more spice options.",Approved
957,222,1137,2026-06-29,5,5,4,5,"Macros were spot on, very happy with the quality.",Approved
958,247,1007,2026-07-03,5,4,5,4,Great taste and perfectly packed.,Approved
959,424,2043,2026-06-01,4,3,4,4,"Pretty good, just wish there were more spice options.",Approved
960,169,1280,2026-05-16,3,3,2,3,Decent but nothing special.,Approved
961,432,2378,2026-06-01,3,3,3,3,"Average experience, food was okay.",Approved
962,127,2805,2026-06-10,2,1,2,2,Below average taste this time.,Approved
963,244,555,2026-04-30,4,3,5,4,"Nice quality, will order again.",Approved
964,303,1329,2026-05-16,4,5,3,3,"Nice quality, will order again.",Approved
965,268,2552,2026-06-29,4,4,4,4,"Tasty meal, portion could be slightly bigger.",Approved
966,374,1507,2026-05-30,4,4,5,3,"Tasty meal, portion could be slightly bigger.",Approved
967,326,1851,2026-05-25,5,5,4,5,"Loved the bowl, will definitely order again!",Approved
968,468,2502,2026-06-09,4,5,5,4,Good food but delivery took a bit longer than expected.,Approved
969,230,659,2026-06-28,4,3,4,4,"Nice quality, will order again.",Approved
970,319,1242,2026-05-21,5,5,5,5,"Macros were spot on, very happy with the quality.",Approved
971,318,1385,2026-05-07,2,3,3,2,Portion size has reduced compared to before.,Approved
972,363,609,2026-06-26,4,4,4,4,"Nice quality, will order again.",Approved
973,255,164,2026-06-20,4,4,4,4,"Tasty meal, portion could be slightly bigger.",Approved
974,406,1189,2026-06-26,2,2,3,2,Delivery was late and food was lukewarm.,Approved
975,280,2494,2026-05-23,4,3,4,4,"Nice quality, will order again.",Approved
976,331,418,2026-04-25,5,5,5,5,Great taste and perfectly packed.,Pending
977,28,1472,2026-07-02,4,5,4,4,Good food but delivery took a bit longer than expected.,Approved
978,134,789,2026-06-16,5,5,5,5,"Loved the bowl, will definitely order again!",Approved
979,82,1672,2026-06-10,1,1,1,2,"Very disappointed, food arrived cold and late.",Approved
980,493,1478,2026-07-03,4,4,3,5,"Pretty good, just wish there were more spice options.",Pending
981,111,2734,2026-07-01,5,5,5,5,"Best protein meal in Saharanpur, super fresh.",Approved
982,247,26,2026-06-30,5,5,5,5,"Macros were spot on, very happy with the quality.",Approved
983,347,1533,2026-06-19,3,3,3,4,"Taste was fine, packaging could be better.",Approved
984,417,2447,2026-06-30,5,5,5,5,"Loved the bowl, will definitely order again!",Approved
985,372,171,2026-06-30,5,5,5,5,"Best protein meal in Saharanpur, super fresh.",Approved
986,238,2004,2026-03-04,5,5,5,5,"Best protein meal in Saharanpur, super fresh.",Approved
987,369,930,2026-06-27,5,5,4,4,Great taste and perfectly packed.,Approved
988,65,1636,2026-06-03,5,5,5,5,Great taste and perfectly packed.,Approved
989,8,359,2026-06-20,2,1,2,2,Not as fresh as expected.,Approved
990,65,975,2026-05-11,5,5,5,5,"Macros were spot on, very happy with the quality.",Pending
991,298,1326,2026-05-05,4,3,5,4,"Nice quality, will order again.",Approved
992,161,2871,2026-05-17,5,4,5,5,"Macros were spot on, very happy with the quality.",Approved
993,489,1036,2026-06-08,3,4,3,2,"Taste was fine, packaging could be better.",Approved
994,499,1026,2026-06-22,5,4,5,5,"Macros were spot on, very happy with the quality.",Approved
995,286,2909,2026-06-25,4,5,5,4,"Pretty good, just wish there were more spice options.",Approved
996,220,484,2026-02-26,5,5,4,5,"Best protein meal in Saharanpur, super fresh.",Approved
997,383,2942,2026-06-20,5,5,5,5,"Best protein meal in Saharanpur, super fresh.",Approved
998,256,1911,2026-07-03,5,5,5,5,Great taste and perfectly packed.,Pending
999,151,1159,2026-06-29,5,5,5,5,"Macros were spot on, very happy with the quality.",Approved
1000,165,998,2026-06-28,5,5,4,5,"Loved the bowl, will definitely order again!",Approved
1001,235,697,2026-06-30,4,4,4,5,"Nice quality, will order again.",Approved
1002,10,2983,2026-05-09,4,4,4,4,"Pretty good, just wish there were more spice options.",Pending
1003,203,2346,2026-06-16,4,4,4,4,Good food but delivery took a bit longer than expected.,Pending
1004,142,337,2026-06-12,3,3,3,4,Decent but nothing special.,Approved
1005,285,381,2026-06-27,4,4,4,4,"Tasty meal, portion could be slightly bigger.",Approved
1006,323,595,2026-05-09,5,5,5,4,Great taste and perfectly packed.,Pending
1007,408,1956,2026-06-25,5,5,5,5,"Macros were spot on, very happy with the quality.",Approved
1008,19,1772,2026-06-17,4,4,5,5,"Nice quality, will order again.",Approved
1009,481,1348,2026-07-02,2,3,1,2,Portion size has reduced compared to before.,Approved
1010,125,1043,2026-06-14,5,5,5,5,Great taste and perfectly packed.,Pending
1011,479,1729,2026-06-19,5,5,4,5,Great taste and perfectly packed.,Approved
1012,322,2861,2026-05-29,5,5,4,5,"Best protein meal in Saharanpur, super fresh.",Pending
1013,188,332,2026-06-23,5,4,5,5,Great taste and perfectly packed.,Approved
1014,66,313,2026-05-15,5,5,5,4,"Loved the bowl, will definitely order again!",Approved
1015,61,750,2026-05-20,5,5,5,5,"Best protein meal in Saharanpur, super fresh.",Approved
1016,218,334,2026-04-01,5,5,5,5,"Loved the bowl, will definitely order again!",Approved
1017,37,685,2026-06-28,5,5,5,5,"Macros were spot on, very happy with the quality.",Approved
1018,480,2450,2026-06-24,5,5,4,5,"Best protein meal in Saharanpur, super fresh.",Approved
1019,196,976,2026-04-20,5,5,5,5,"Best protein meal in Saharanpur, super fresh.",Approved
1020,426,2312,2026-06-07,5,5,4,5,"Macros were spot on, very happy with the quality.",Approved
1021,235,1754,2026-06-04,5,5,4,5,"Best protein meal in Saharanpur, super fresh.",Approved
1022,69,2193,2026-06-17,1,1,1,1,"Very disappointed, food arrived cold and late.",Approved
1023,478,2646,2026-04-03,5,5,4,5,"Best protein meal in Saharanpur, super fresh.",Approved
1024,225,1688,2026-06-19,4,4,4,4,Good food but delivery took a bit longer than expected.,Approved
1025,359,1246,2026-06-18,2,1,1,2,Delivery was late and food was lukewarm.,Approved
1026,373,983,2026-06-24,5,5,5,5,Exactly what I needed post workout. Highly recommend.,Approved
1027,447,2801,2026-06-18,2,3,2,2,Portion size has reduced compared to before.,Approved
1028,55,1187,2026-06-23,5,4,5,5,"Best protein meal in Saharanpur, super fresh.",Approved
1029,455,2490,2026-06-18,2,1,2,2,Delivery was late and food was lukewarm.,Approved
1030,37,1048,2026-06-27,3,2,3,3,"Average experience, food was okay.",Approved
1031,17,14,2026-04-28,2,2,3,2,Delivery was late and food was lukewarm.,Approved
1032,64,944,2026-04-28,5,5,5,5,Exactly what I needed post workout. Highly recommend.,Approved
1033,164,872,2026-04-27,5,5,5,5,Exactly what I needed post workout. Highly recommend.,Approved
1034,406,558,2026-06-30,3,4,3,2,Decent but nothing special.,Approved
1035,440,2406,2026-06-20,1,1,1,1,Order was wrong and support was slow to respond.,Pending
1036,472,447,2026-06-29,5,5,5,5,"Best protein meal in Saharanpur, super fresh.",Pending
1037,16,2433,2026-06-14,4,4,4,5,Good food but delivery took a bit longer than expected.,Approved
1038,285,2958,2026-07-01,5,4,4,5,"Best protein meal in Saharanpur, super fresh.",Approved
1039,52,1210,2026-06-21,4,4,5,4,"Tasty meal, portion could be slightly bigger.",Approved
1040,468,2365,2026-03-01,2,3,1,2,Not as fresh as expected.,Approved
1041,366,2454,2026-06-06,5,5,5,5,"Loved the bowl, will definitely order again!",Approved
1042,109,419,2026-06-11,5,5,4,5,Great taste and perfectly packed.,Approved
1043,271,1456,2026-07-03,5,4,5,4,"Best protein meal in Saharanpur, super fresh.",Approved
1044,420,2153,2026-06-18,5,5,5,5,Exactly what I needed post workout. Highly recommend.,Approved
1045,64,1899,2026-05-02,4,4,5,4,"Tasty meal, portion could be slightly bigger.",Approved
1046,22,600,2026-06-10,2,2,1,3,Not as fresh as expected.,Approved
1047,10,242,2026-06-09,4,4,5,3,"Tasty meal, portion could be slightly bigger.",Approved
1048,434,2598,2026-07-01,4,5,4,3,Good food but delivery took a bit longer than expected.,Approved
1049,328,9,2026-06-01,3,2,3,2,Decent but nothing special.,Approved
1050,225,2377,2026-05-08,5,4,4,5,"Best protein meal in Saharanpur, super fresh.",Approved
1051,16,343,2026-06-21,3,3,3,3,Portion was a bit small for the price.,Approved
1052,59,465,2026-05-10,5,5,5,5,"Macros were spot on, very happy with the quality.",Approved
1053,434,1645,2026-05-22,5,5,5,5,"Best protein meal in Saharanpur, super fresh.",Approved
1054,447,111,2026-06-27,3,2,3,3,Decent but nothing special.,Approved
1055,64,1653,2026-04-16,5,5,4,4,"Best protein meal in Saharanpur, super fresh.",Approved
1056,93,1980,2026-06-24,5,5,4,5,Exactly what I needed post workout. Highly recommend.,Approved
1057,169,127,2026-06-28,5,5,5,5,Exactly what I needed post workout. Highly recommend.,Approved
1058,375,2256,2026-07-01,5,5,5,4,"Macros were spot on, very happy with the quality.",Approved
1059,199,2873,2026-06-10,5,4,5,5,Great taste and perfectly packed.,Approved
1060,469,2123,2026-06-15,5,5,5,5,Exactly what I needed post workout. Highly recommend.,Approved
1061,434,1624,2026-06-18,5,5,5,5,Great taste and perfectly packed.,Approved
1062,231,121,2026-06-26,5,5,4,5,"Loved the bowl, will definitely order again!",Approved
1063,348,2493,2026-06-12,3,4,3,3,Portion was a bit small for the price.,Approved
1064,163,2233,2026-06-15,5,4,5,4,"Best protein meal in Saharanpur, super fresh.",Approved
1065,57,2321,2026-06-26,2,3,3,2,Not as fresh as expected.,Pending
1066,43,2804,2026-06-29,5,5,5,4,"Macros were spot on, very happy with the quality.",Approved
1067,406,2951,2026-06-10,5,5,4,5,Exactly what I needed post workout. Highly recommend.,Approved
1068,73,2843,2026-06-28,5,4,5,5,Great taste and perfectly packed.,Approved
1069,158,1654,2026-07-03,5,5,4,5,Great taste and perfectly packed.,Approved
1070,61,727,2026-05-30,4,5,5,3,"Tasty meal, portion could be slightly bigger.",Approved
1071,274,1327,2026-05-01,5,5,5,5,Great taste and perfectly packed.,Approved
1072,204,641,2026-04-25,1,1,1,1,Order was wrong and support was slow to respond.,Approved
1073,11,1299,2026-06-13,4,3,4,4,"Tasty meal, portion could be slightly bigger.",Approved
1074,484,960,2026-06-01,4,4,4,4,Good food but delivery took a bit longer than expected.,Approved
1075,338,2827,2026-05-24,3,2,4,4,"Average experience, food was okay.",Approved
1076,73,1561,2026-06-17,1,1,2,1,Order was wrong and support was slow to respond.,Approved
1077,11,2968,2026-05-04,5,4,5,4,"Macros were spot on, very happy with the quality.",Approved
1078,277,2898,2026-06-26,4,4,4,3,"Nice quality, will order again.",Approved
1079,56,1539,2026-06-30,5,5,4,4,Great taste and perfectly packed.,Approved
1080,368,864,2026-06-12,3,3,3,3,"Taste was fine, packaging could be better.",Approved
1081,344,2476,2026-06-23,1,1,1,2,Order was wrong and support was slow to respond.,Approved
1082,265,1409,2026-06-25,5,5,5,4,"Loved the bowl, will definitely order again!",Approved
1083,227,2691,2026-06-29,5,4,4,5,"Loved the bowl, will definitely order again!",Approved
1084,301,2663,2026-05-26,5,4,4,5,"Macros were spot on, very happy with the quality.",Approved
1085,118,2715,2026-05-31,4,4,3,4,Good food but delivery took a bit longer than expected.,Approved
1086,290,298,2026-07-01,5,5,5,5,"Best protein meal in Saharanpur, super fresh.",Approved
1087,469,76,2026-06-25,4,4,5,4,Good food but delivery took a bit longer than expected.,Approved
1088,406,1646,2026-06-19,5,5,5,5,Exactly what I needed post workout. Highly recommend.,Pending
1089,246,1179,2026-07-02,2,2,2,2,Below average taste this time.,Approved
1090,424,432,2026-05-27,4,4,4,5,"Pretty good, just wish there were more spice options.",Approved
1091,152,633,2026-04-10,4,4,4,4,"Pretty good, just wish there were more spice options.",Approved
1092,44,2075,2026-03-28,4,5,4,4,Good food but delivery took a bit longer than expected.,Approved
1093,263,1830,2026-07-01,5,5,4,5,"Best protein meal in Saharanpur, super fresh.",Approved
1094,109,544,2026-06-27,5,5,4,5,"Best protein meal in Saharanpur, super fresh.",Approved
1095,279,2713,2026-06-12,5,5,5,5,Great taste and perfectly packed.,Approved
1096,238,2213,2026-06-03,4,5,4,4,Good food but delivery took a bit longer than expected.,Approved
1097,13,2980,2026-07-01,4,3,5,4,"Nice quality, will order again.",Approved
1098,95,2773,2026-06-27,5,5,5,5,"Loved the bowl, will definitely order again!",Pending
